round,start_utc,end_utc,requests,non2xx,non2xx_rate,read_kb,requests_per_sec,aborted
0,2026-08-26T11:02:53.405790891Z,2026-08-26T11:02:54.521199248Z,,0,,,,1
1,2026-08-26T11:02:55.532793546Z,2026-08-26T11:02:56.567351725Z,,0,,,,1
2,2026-08-26T11:02:57.570171451Z,2026-08-26T11:02:58.615183573Z,,0,,,,1
3,2026-08-26T11:02:59.618539531Z,2026-08-26T11:03:00.664255681Z,,0,,,,1
4,2026-08-26T11:03:01.666902724Z,2026-08-26T11:03:02.711175925Z,,0,,,,1
5,2026-08-26T11:03:03.713981505Z,2026-08-26T11:03:14.764288278Z,1024,88,0.085938,205.36,102.38,0
6,2026-08-26T11:03:15.767428389Z,2026-08-26T11:03:25.775880915Z,1024,104,0.101562,206.52,102.38,0
7,2026-08-26T11:03:26.778987801Z,2026-08-26T11:03:36.789282909Z,1024,96,0.093750,205.94,102.38,0
8,2026-08-26T11:03:37.792957488Z,2026-08-26T11:03:47.801485484Z,1024,113,0.110352,207.17,102.39,0
9,2026-08-26T11:03:48.804364966Z,2026-08-26T11:03:58.812859810Z,994,104,0.104628,200.69,99.38,0
10,2026-08-26T11:03:59.815825501Z,2026-08-26T11:04:09.825022536Z,1024,104,0.101562,206.52,102.38,0
11,2026-08-26T11:04:10.828017097Z,2026-08-26T11:04:20.837028283Z,1024,113,0.110352,207.17,102.38,0
12,2026-08-26T11:04:21.839833978Z,2026-08-26T11:04:31.849557969Z,1024,113,0.110352,207.17,102.37,0
13,2026-08-26T11:04:32.853475046Z,2026-08-26T11:04:42.861540047Z,1024,114,0.111328,207.24,102.38,0
14,2026-08-26T11:04:43.864505189Z,2026-08-26T11:04:53.873345597Z,1024,106,0.103516,206.66,102.38,0
15,2026-08-26T11:04:54.876314797Z,2026-08-26T11:05:04.885156005Z,1024,90,0.087891,205.5,102.38,0
16,2026-08-26T11:05:05.888074691Z,2026-08-26T11:05:15.897100394Z,1024,105,0.102539,206.59,102.38,0
17,2026-08-26T11:05:16.900043285Z,2026-08-26T11:05:26.908935476Z,1024,101,0.098633,206.3,102.38,0
18,2026-08-26T11:05:27.911815376Z,2026-08-26T11:05:37.921040963Z,1024,103,0.100586,206.44,102.38,0
19,2026-08-26T11:05:38.924281501Z,2026-08-26T11:05:48.934310006Z,1024,98,0.095703,206.08,102.38,0
20,2026-08-26T11:05:49.937096382Z,2026-08-26T11:05:59.946493443Z,1024,93,0.090820,205.72,102.38,0
21,2026-08-26T11:06:00.949614712Z,2026-08-26T11:06:10.960591417Z,1024,109,0.106445,206.88,102.37,0
22,2026-08-26T11:06:11.963866181Z,2026-08-26T11:06:21.972935164Z,1024,115,0.112305,207.31,102.38,0
23,2026-08-26T11:06:22.975973352Z,2026-08-26T11:06:32.984944933Z,1024,100,0.097656,206.23,102.38,0
24,2026-08-26T11:06:33.987877145Z,2026-08-26T11:06:43.996453121Z,1024,115,0.112305,207.31,102.38,0
25,2026-08-26T11:06:44.999894879Z,2026-08-26T11:06:55.011527622Z,1024,102,0.099609,206.37,102.38,0
26,2026-08-26T11:06:56.014868970Z,2026-08-26T11:07:06.024836579Z,1024,93,0.090820,205.72,102.37,0
27,2026-08-26T11:07:07.027849170Z,2026-08-26T11:07:17.036275959Z,1024,93,0.090820,205.72,102.38,0
28,2026-08-26T11:07:18.039092911Z,2026-08-26T11:07:28.047823699Z,1024,113,0.110352,207.17,102.38,0
29,2026-08-26T11:07:29.050779352Z,2026-08-26T11:07:39.061049345Z,1024,93,0.090820,205.72,102.36,0
30,2026-08-26T11:07:40.063986035Z,2026-08-26T11:07:50.074077305Z,1024,100,0.097656,206.23,102.37,0
31,2026-08-26T11:07:51.077352257Z,2026-08-26T11:08:01.086841438Z,1024,97,0.094727,206.01,102.38,0
32,2026-08-26T11:08:02.090319705Z,2026-08-26T11:08:12.100261407Z,1024,97,0.094727,206.01,102.37,0
33,2026-08-26T11:08:13.103236360Z,2026-08-26T11:08:23.112825722Z,1024,94,0.091797,205.79,102.37,0
34,2026-08-26T11:08:24.115765593Z,2026-08-26T11:08:34.124383048Z,1024,100,0.097656,206.23,102.38,0
35,2026-08-26T11:08:35.127430101Z,2026-08-26T11:08:45.135958567Z,1024,98,0.095703,206.08,102.38,0
36,2026-08-26T11:08:46.139402778Z,2026-08-26T11:08:56.147958561Z,1024,114,0.111328,207.24,102.38,0
37,2026-08-26T11:08:57.151167514Z,2026-08-26T11:09:07.160429481Z,1024,108,0.105469,206.8,102.37,0
38,2026-08-26T11:09:08.163322756Z,2026-08-26T11:09:18.172287981Z,1024,92,0.089844,205.65,102.38,0
39,2026-08-26T11:09:19.175192963Z,2026-08-26T11:09:29.187002514Z,1024,88,0.085938,205.36,102.37,0
40,2026-08-26T11:09:30.190288139Z,2026-08-26T11:09:40.201139367Z,1024,96,0.093750,205.94,102.38,0
41,2026-08-26T11:09:41.204259515Z,2026-08-26T11:09:51.213697877Z,1024,121,0.118164,207.74,102.39,0
42,2026-08-26T11:09:52.217378662Z,2026-08-26T11:10:02.226470764Z,1024,106,0.103516,206.66,102.38,0
43,2026-08-26T11:10:03.229496785Z,2026-08-26T11:10:13.239743292Z,1024,108,0.105469,206.8,102.38,0
44,2026-08-26T11:10:14.243088137Z,2026-08-26T11:10:24.251488501Z,1024,102,0.099609,206.37,102.38,0
45,2026-08-26T11:10:25.254322468Z,2026-08-26T11:10:35.263460600Z,1024,123,0.120117,207.89,102.38,0
46,2026-08-26T11:10:36.266358384Z,2026-08-26T11:10:46.275161590Z,1024,99,0.096680,206.15,102.38,0
47,2026-08-26T11:10:47.278330304Z,2026-08-26T11:10:57.286976815Z,1024,114,0.111328,207.24,102.38,0
48,2026-08-26T11:10:58.290262778Z,2026-08-26T11:11:08.300336515Z,1024,103,0.100586,206.44,102.37,0
49,2026-08-26T11:11:09.303056692Z,2026-08-26T11:11:19.314316775Z,1024,97,0.094727,206.01,102.38,0
50,2026-08-26T11:11:20.317692839Z,2026-08-26T11:11:30.327592669Z,1024,94,0.091797,205.79,102.38,0
51,2026-08-26T11:11:31.330596375Z,2026-08-26T11:11:41.340029227Z,1024,85,0.083008,205.14,102.37,0
52,2026-08-26T11:11:42.343200419Z,2026-08-26T11:11:52.353632637Z,1024,95,0.092773,205.87,102.37,0
53,2026-08-26T11:11:53.356897077Z,2026-08-26T11:12:03.366536622Z,1024,85,0.083008,205.14,102.37,0
54,2026-08-26T11:12:04.369478212Z,2026-08-26T11:12:14.378785536Z,1024,97,0.094727,206.01,102.38,0
55,2026-08-26T11:12:15.382274411Z,2026-08-26T11:12:25.391291042Z,1024,87,0.084961,205.29,102.38,0
56,2026-08-26T11:12:26.394407552Z,2026-08-26T11:12:36.402973731Z,1024,108,0.105469,206.8,102.38,0
57,2026-08-26T11:12:37.405831937Z,2026-08-26T11:12:47.415781294Z,1024,105,0.102539,206.59,102.37,0
58,2026-08-26T11:12:48.419083913Z,2026-08-26T11:12:58.428974762Z,1024,128,0.125000,208.25,102.37,0
59,2026-08-26T11:12:59.432028649Z,2026-08-26T11:13:09.439947024Z,1024,108,0.105469,206.8,102.39,0
60,2026-08-26T11:13:10.443202649Z,2026-08-26T11:13:20.452203461Z,1024,96,0.093750,205.94,102.38,0
61,2026-08-26T11:13:21.455290619Z,2026-08-26T11:13:31.465910857Z,1024,106,0.103516,206.66,102.37,0
62,2026-08-26T11:13:32.469636516Z,2026-08-26T11:13:42.479131883Z,1024,107,0.104492,206.73,102.37,0
63,2026-08-26T11:13:43.482198565Z,2026-08-26T11:13:53.491326579Z,1024,96,0.093750,205.94,102.38,0
64,2026-08-26T11:13:54.494466885Z,2026-08-26T11:14:04.504901880Z,1024,77,0.075195,204.56,102.37,0
65,2026-08-26T11:14:05.508082544Z,2026-08-26T11:14:15.517250903Z,1024,97,0.094727,206.01,102.38,0
66,2026-08-26T11:14:16.520439025Z,2026-08-26T11:14:26.530003091Z,1024,97,0.094727,206.01,102.38,0
67,2026-08-26T11:14:27.533851394Z,2026-08-26T11:14:37.545665650Z,1024,98,0.095703,206.08,102.36,0
68,2026-08-26T11:14:38.549223179Z,2026-08-26T11:14:48.558844624Z,1024,107,0.104492,206.73,102.38,0
69,2026-08-26T11:14:49.562057798Z,2026-08-26T11:14:59.574565583Z,1024,95,0.092773,205.87,102.37,0
70,2026-08-26T11:15:00.577749366Z,2026-08-26T11:15:10.586860292Z,1024,114,0.111328,207.24,102.38,0
71,2026-08-26T11:15:11.589811501Z,2026-08-26T11:15:21.598146359Z,1024,86,0.083984,205.21,102.39,0
72,2026-08-26T11:15:22.601169576Z,2026-08-26T11:15:32.612110669Z,1024,101,0.098633,206.3,102.37,0
73,2026-08-26T11:15:33.616436422Z,2026-08-26T11:15:43.627344754Z,1024,111,0.108398,207.02,102.38,0
74,2026-08-26T11:15:44.630608240Z,2026-08-26T11:15:54.639798841Z,1024,94,0.091797,205.79,102.38,0
75,2026-08-26T11:15:55.642869767Z,2026-08-26T11:16:05.651023130Z,1024,90,0.087891,205.5,102.39,0
76,2026-08-26T11:16:06.654386886Z,2026-08-26T11:16:16.663107621Z,1024,104,0.101562,206.52,102.38,0
77,2026-08-26T11:16:17.665963799Z,2026-08-26T11:16:27.675140875Z,1024,101,0.098633,206.3,102.38,0
78,2026-08-26T11:16:28.678046206Z,2026-08-26T11:16:38.688423581Z,1024,94,0.091797,205.79,102.37,0
79,2026-08-26T11:16:39.692035763Z,2026-08-26T11:16:49.700658033Z,994,102,0.102616,200.54,99.39,0
80,2026-08-26T11:16:50.703843701Z,2026-08-26T11:17:00.713100528Z,1024,103,0.100586,206.44,102.38,0
81,2026-08-26T11:17:01.716226773Z,2026-08-26T11:17:11.727834405Z,1024,94,0.091797,205.79,102.36,0
82,2026-08-26T11:17:12.731220822Z,2026-08-26T11:17:22.740863540Z,1024,112,0.109375,207.09,102.37,0
83,2026-08-26T11:17:23.744458206Z,2026-08-26T11:17:33.753636788Z,1024,112,0.109375,207.09,102.38,0
84,2026-08-26T11:17:34.756666924Z,2026-08-26T11:17:44.766445614Z,1024,98,0.095703,206.08,102.38,0
85,2026-08-26T11:17:45.769474067Z,2026-08-26T11:17:55.778274467Z,1024,106,0.103516,206.66,102.38,0
86,2026-08-26T11:17:56.781459615Z,2026-08-26T11:18:06.791911924Z,1024,92,0.089844,205.65,102.37,0
87,2026-08-26T11:18:07.794653791Z,2026-08-26T11:18:17.802454747Z,1024,106,0.103516,206.66,102.39,0
88,2026-08-26T11:18:18.805695851Z,2026-08-26T11:18:28.815815094Z,1024,114,0.111328,207.24,102.36,0
89,2026-08-26T11:18:29.818795755Z,2026-08-26T11:18:39.828984858Z,1024,103,0.100586,206.44,102.38,0
90,2026-08-26T11:18:40.832471231Z,2026-08-26T11:18:50.843863913Z,1024,97,0.094727,206.01,102.36,0
91,2026-08-26T11:18:51.847621651Z,2026-08-26T11:19:01.856637706Z,1024,99,0.096680,206.15,102.38,0
92,2026-08-26T11:19:02.859577259Z,2026-08-26T11:19:12.869470405Z,1024,96,0.093750,205.94,102.38,0
93,2026-08-26T11:19:13.873322587Z,2026-08-26T11:19:23.882917975Z,1024,113,0.110352,207.17,102.37,0
94,2026-08-26T11:19:24.886102237Z,2026-08-26T11:19:34.894692331Z,1024,92,0.089844,205.65,102.39,0
95,2026-08-26T11:19:35.897925073Z,2026-08-26T11:19:45.906849781Z,1024,72,0.070312,204.2,102.38,0
96,2026-08-26T11:19:46.910261203Z,2026-08-26T11:19:56.919381922Z,1024,102,0.099609,206.37,102.38,0
97,2026-08-26T11:19:57.922454500Z,2026-08-26T11:20:07.932110162Z,1024,107,0.104492,206.73,102.37,0
98,2026-08-26T11:20:08.935505534Z,2026-08-26T11:20:18.944178937Z,1024,122,0.119141,207.82,102.38,0
99,2026-08-26T11:20:19.947117997Z,2026-08-26T11:20:29.955939958Z,1024,96,0.093750,205.94,102.38,0
100,2026-08-26T11:20:30.959035948Z,2026-08-26T11:20:40.969075914Z,1024,89,0.086914,205.43,102.38,0
101,2026-08-26T11:20:41.972399292Z,2026-08-26T11:20:51.981249707Z,1024,100,0.097656,206.23,102.38,0
102,2026-08-26T11:20:52.984335185Z,2026-08-26T11:21:02.993678369Z,1024,118,0.115234,207.53,102.38,0
103,2026-08-26T11:21:03.996489942Z,2026-08-26T11:21:14.006585197Z,1024,116,0.113281,207.38,102.38,0
104,2026-08-26T11:21:15.009441269Z,2026-08-26T11:21:25.019134536Z,1024,101,0.098633,206.3,102.38,0
105,2026-08-26T11:21:26.022621679Z,2026-08-26T11:21:36.035057055Z,1024,93,0.090820,205.72,102.37,0
106,2026-08-26T11:21:37.038412441Z,2026-08-26T11:21:47.047936225Z,1024,96,0.093750,205.94,102.38,0
107,2026-08-26T11:21:48.051353029Z,2026-08-26T11:21:58.062365490Z,1024,117,0.114258,207.46,102.37,0
108,2026-08-26T11:21:59.066254621Z,2026-08-26T11:22:09.075184132Z,1024,101,0.098633,206.3,102.38,0
109,2026-08-26T11:22:10.078349199Z,2026-08-26T11:22:20.089898782Z,1024,108,0.105469,206.8,102.38,0
110,2026-08-26T11:22:21.093431184Z,2026-08-26T11:22:31.105191143Z,1024,108,0.105469,206.8,102.38,0
111,2026-08-26T11:22:32.108964628Z,2026-08-26T11:22:42.119522747Z,1024,107,0.104492,206.73,102.38,0
112,2026-08-26T11:22:43.123536516Z,2026-08-26T11:22:53.137580620Z,1024,88,0.085938,205.36,102.36,0
113,2026-08-26T11:22:54.141873818Z,2026-08-26T11:23:04.154111668Z,1024,96,0.093750,205.94,102.38,0
114,2026-08-26T11:23:05.157438493Z,2026-08-26T11:23:15.173039881Z,1024,110,0.107422,206.95,102.38,0
115,2026-08-26T11:23:16.176497167Z,2026-08-26T11:23:26.188549551Z,1024,110,0.107422,206.95,102.38,0
116,2026-08-26T11:23:27.192996929Z,2026-08-26T11:23:37.205946444Z,1024,87,0.084961,205.29,102.37,0
117,2026-08-26T11:23:38.209603604Z,2026-08-26T11:23:48.220462521Z,1024,114,0.111328,207.24,102.38,0
118,2026-08-26T11:23:49.224118304Z,2026-08-26T11:23:59.234360066Z,1024,97,0.094727,206.01,102.38,0
119,2026-08-26T11:24:00.237984037Z,2026-08-26T11:24:10.249523431Z,1024,105,0.102539,206.59,102.38,0
120,2026-08-26T11:24:11.253418422Z,2026-08-26T11:24:21.266084960Z,1024,96,0.093750,205.94,102.37,0
121,2026-08-26T11:24:22.270332594Z,2026-08-26T11:24:32.280762579Z,1024,105,0.102539,206.59,102.38,0
122,2026-08-26T11:24:33.285033677Z,2026-08-26T11:24:43.296634073Z,1024,100,0.097656,206.23,102.37,0
123,2026-08-26T11:24:44.300831189Z,2026-08-26T11:24:54.310757532Z,1024,109,0.106445,206.88,102.39,0
124,2026-08-26T11:24:55.313951884Z,2026-08-26T11:25:05.324536812Z,1024,104,0.101562,206.52,102.38,0
125,2026-08-26T11:25:06.328217556Z,2026-08-26T11:25:16.339112728Z,1024,108,0.105469,206.8,102.38,0
126,2026-08-26T11:25:17.342099108Z,2026-08-26T11:25:27.350876723Z,1024,96,0.093750,205.94,102.38,0
127,2026-08-26T11:25:28.353976279Z,2026-08-26T11:25:38.365055247Z,1024,101,0.098633,206.3,102.38,0
128,2026-08-26T11:25:39.368504108Z,2026-08-26T11:25:49.378310883Z,1024,130,0.126953,208.39,102.39,0
129,2026-08-26T11:25:50.382047949Z,2026-08-26T11:26:00.393212934Z,1024,104,0.101562,206.52,102.38,0
130,2026-08-26T11:26:01.396653720Z,2026-08-26T11:26:11.407798510Z,1024,96,0.093750,205.94,102.38,0
131,2026-08-26T11:26:12.411836072Z,2026-08-26T11:26:22.422556149Z,1024,97,0.094727,206.01,102.37,0
132,2026-08-26T11:26:23.426157102Z,2026-08-26T11:26:33.435524710Z,1024,85,0.083008,205.14,102.38,0
133,2026-08-26T11:26:34.438481974Z,2026-08-26T11:26:44.447009796Z,1024,95,0.092773,205.87,102.38,0
134,2026-08-26T11:26:45.450226273Z,2026-08-26T11:26:55.459897990Z,1024,99,0.096680,206.15,102.37,0
135,2026-08-26T11:26:56.463460479Z,2026-08-26T11:27:06.474703108Z,1024,104,0.101562,206.52,102.38,0
136,2026-08-26T11:27:07.478596089Z,2026-08-26T11:27:17.487926719Z,1024,123,0.120117,207.89,102.38,0
137,2026-08-26T11:27:18.490778620Z,2026-08-26T11:27:28.500137660Z,1024,93,0.090820,205.72,102.38,0
138,2026-08-26T11:27:29.503616612Z,2026-08-26T11:27:39.513224776Z,1024,96,0.093750,205.94,102.38,0
139,2026-08-26T11:27:40.516408267Z,2026-08-26T11:27:50.527632053Z,1024,95,0.092773,205.87,102.38,0
140,2026-08-26T11:27:51.531597310Z,2026-08-26T11:28:01.542921293Z,1024,94,0.091797,205.79,102.37,0
141,2026-08-26T11:28:02.546200812Z,2026-08-26T11:28:12.556995232Z,1024,106,0.103516,206.66,102.37,0
142,2026-08-26T11:28:13.560597344Z,2026-08-26T11:28:23.568972359Z,1024,107,0.104492,206.73,102.38,0
143,2026-08-26T11:28:24.572053190Z,2026-08-26T11:28:34.580699857Z,1024,90,0.087891,205.5,102.38,0
144,2026-08-26T11:28:35.583507843Z,2026-08-26T11:28:45.592427703Z,1024,89,0.086914,205.43,102.38,0
145,2026-08-26T11:28:46.595466940Z,2026-08-26T11:28:56.607216332Z,1024,129,0.125977,208.32,102.38,0
146,2026-08-26T11:28:57.611742389Z,2026-08-26T11:29:07.622111992Z,1024,102,0.099609,206.37,102.38,0
147,2026-08-26T11:29:08.626929138Z,2026-08-26T11:29:18.637252131Z,1024,116,0.113281,207.38,102.38,0
148,2026-08-26T11:29:19.640275101Z,2026-08-26T11:29:29.649783268Z,1024,80,0.078125,204.78,102.38,0
149,2026-08-26T11:29:30.652850563Z,2026-08-26T11:29:40.662704923Z,1024,109,0.106445,206.88,102.38,0
150,2026-08-26T11:29:41.666527380Z,2026-08-26T11:29:51.677582488Z,1024,106,0.103516,206.66,102.38,0
151,2026-08-26T11:29:52.681277874Z,2026-08-26T11:30:02.690445134Z,1024,96,0.093750,205.94,102.38,0
152,2026-08-26T11:30:03.693934547Z,2026-08-26T11:30:13.703854935Z,1024,110,0.107422,206.95,102.38,0
153,2026-08-26T11:30:14.706838709Z,2026-08-26T11:30:24.715230182Z,1024,118,0.115234,207.53,102.38,0
154,2026-08-26T11:30:25.718257830Z,2026-08-26T11:30:35.726890615Z,1024,87,0.084961,205.29,102.38,0
155,2026-08-26T11:30:36.730055220Z,2026-08-26T11:30:46.738910797Z,1024,94,0.091797,205.79,102.38,0
156,2026-08-26T11:30:47.742093912Z,2026-08-26T11:30:57.750954921Z,1024,98,0.095703,206.08,102.38,0
157,2026-08-26T11:30:58.754223466Z,2026-08-26T11:31:08.763136190Z,1024,103,0.100586,206.44,102.38,0
158,2026-08-26T11:31:09.766367655Z,2026-08-26T11:31:19.775070572Z,1024,112,0.109375,207.09,102.39,0
159,2026-08-26T11:31:20.778547801Z,2026-08-26T11:31:30.790798673Z,1024,104,0.101562,206.52,102.37,0
160,2026-08-26T11:31:31.794596706Z,2026-08-26T11:31:41.803746885Z,1024,108,0.105469,206.8,102.37,0
161,2026-08-26T11:31:42.806433266Z,2026-08-26T11:31:52.815935354Z,1024,98,0.095703,206.08,102.37,0
162,2026-08-26T11:31:53.818647138Z,2026-08-26T11:32:03.828326576Z,1024,95,0.092773,205.87,102.38,0
163,2026-08-26T11:32:04.831393308Z,2026-08-26T11:32:14.839822120Z,1024,89,0.086914,205.43,102.38,0
164,2026-08-26T11:32:15.842858611Z,2026-08-26T11:32:25.852747525Z,1024,110,0.107422,206.95,102.37,0
165,2026-08-26T11:32:26.855826206Z,2026-08-26T11:32:36.865515710Z,1024,101,0.098633,206.3,102.37,0
166,2026-08-26T11:32:37.868692994Z,2026-08-26T11:32:47.878050960Z,1024,92,0.089844,205.65,102.38,0
167,2026-08-26T11:32:48.881120645Z,2026-08-26T11:32:58.891102301Z,1024,94,0.091797,205.79,102.37,0
168,2026-08-26T11:32:59.894227591Z,2026-08-26T11:33:09.904612046Z,1024,104,0.101562,206.52,102.38,0
169,2026-08-26T11:33:10.907635176Z,2026-08-26T11:33:20.916525200Z,1024,117,0.114258,207.46,102.38,0
170,2026-08-26T11:33:21.919403513Z,2026-08-26T11:33:31.927623869Z,1024,97,0.094727,206.01,102.38,0
171,2026-08-26T11:33:32.930656779Z,2026-08-26T11:33:42.939012067Z,1024,101,0.098633,206.3,102.38,0
172,2026-08-26T11:33:43.941890209Z,2026-08-26T11:33:53.949676812Z,1024,118,0.115234,207.53,102.39,0
173,2026-08-26T11:33:54.952865358Z,2026-08-26T11:34:04.962626560Z,1024,112,0.109375,207.09,102.37,0
174,2026-08-26T11:34:05.965686534Z,2026-08-26T11:34:15.973930019Z,1024,88,0.085938,205.36,102.39,0
175,2026-08-26T11:34:16.977180094Z,2026-08-26T11:34:26.986836607Z,1024,105,0.102539,206.59,102.38,0
176,2026-08-26T11:34:27.989909936Z,2026-08-26T11:34:37.999650463Z,1024,89,0.086914,205.43,102.38,0
177,2026-08-26T11:34:39.004023164Z,2026-08-26T11:34:49.012977445Z,1024,128,0.125000,208.25,102.38,0
178,2026-08-26T11:34:50.015680583Z,2026-08-26T11:35:00.025774169Z,1024,96,0.093750,205.94,102.37,0
179,2026-08-26T11:35:01.028868892Z,2026-08-26T11:35:11.037748116Z,1024,109,0.106445,206.88,102.38,0
180,2026-08-26T11:35:12.041146118Z,2026-08-26T11:35:22.050351411Z,1024,107,0.104492,206.73,102.37,0
181,2026-08-26T11:35:23.053477627Z,2026-08-26T11:35:33.061864142Z,1024,98,0.095703,206.08,102.39,0
182,2026-08-26T11:35:34.064782876Z,2026-08-26T11:35:44.074112825Z,1024,98,0.095703,206.08,102.38,0
183,2026-08-26T11:35:45.077407613Z,2026-08-26T11:35:55.086968973Z,1024,97,0.094727,206.01,102.39,0
184,2026-08-26T11:35:56.090099496Z,2026-08-26T11:36:06.099603738Z,1024,94,0.091797,205.79,102.38,0
185,2026-08-26T11:36:07.102910451Z,2026-08-26T11:36:17.112413358Z,1024,102,0.099609,206.37,102.38,0
186,2026-08-26T11:36:18.115255247Z,2026-08-26T11:36:28.124094693Z,1024,113,0.110352,207.17,102.38,0
187,2026-08-26T11:36:29.127283353Z,2026-08-26T11:36:39.135998955Z,1024,108,0.105469,206.8,102.38,0
188,2026-08-26T11:36:40.139267734Z,2026-08-26T11:36:50.148899185Z,1024,110,0.107422,206.95,102.37,0
189,2026-08-26T11:36:51.152081330Z,2026-08-26T11:37:01.160467034Z,1024,111,0.108398,207.02,102.38,0
190,2026-08-26T11:37:02.164434889Z,2026-08-26T11:37:12.174088382Z,1024,112,0.109375,207.09,102.38,0
191,2026-08-26T11:37:13.177140279Z,2026-08-26T11:37:23.186241565Z,1024,110,0.107422,206.95,102.38,0
192,2026-08-26T11:37:24.189611210Z,2026-08-26T11:37:34.198071733Z,1024,94,0.091797,205.79,102.38,0
193,2026-08-26T11:37:35.201413073Z,2026-08-26T11:37:45.210747926Z,1024,113,0.110352,207.17,102.38,0
194,2026-08-26T11:37:46.214792049Z,2026-08-26T11:37:56.225910259Z,1024,105,0.102539,206.59,102.36,0
195,2026-08-26T11:37:57.228803625Z,2026-08-26T11:38:07.238962245Z,1024,95,0.092773,205.87,102.37,0
196,2026-08-26T11:38:08.242170180Z,2026-08-26T11:38:18.251908268Z,1024,101,0.098633,206.3,102.38,0
197,2026-08-26T11:38:19.255332959Z,2026-08-26T11:38:29.264960929Z,1024,96,0.093750,205.94,102.39,0
198,2026-08-26T11:38:30.268372173Z,2026-08-26T11:38:40.277986781Z,1024,106,0.103516,206.66,102.38,0
199,2026-08-26T11:38:41.280932397Z,2026-08-26T11:38:51.290379370Z,1024,97,0.094727,206.01,102.38,0
200,2026-08-26T11:38:52.294249595Z,2026-08-26T11:39:02.304700296Z,1024,88,0.085938,205.36,102.38,0
201,2026-08-26T11:39:03.308117938Z,2026-08-26T11:39:13.318194669Z,1024,105,0.102539,206.59,102.37,0
202,2026-08-26T11:39:14.321106666Z,2026-08-26T11:39:24.330189999Z,1024,108,0.105469,206.8,102.38,0
203,2026-08-26T11:39:25.334104787Z,2026-08-26T11:39:35.343251537Z,1024,95,0.092773,205.87,102.38,0
204,2026-08-26T11:39:36.346166120Z,2026-08-26T11:39:46.354596017Z,1024,91,0.088867,205.58,102.38,0
205,2026-08-26T11:39:47.357414210Z,2026-08-26T11:39:57.365950890Z,1024,113,0.110352,207.17,102.38,0
206,2026-08-26T11:39:58.368962578Z,2026-08-26T11:40:08.378537335Z,1024,103,0.100586,206.44,102.37,0
207,2026-08-26T11:40:09.381791002Z,2026-08-26T11:40:19.392872531Z,1024,114,0.111328,207.24,102.36,0
208,2026-08-26T11:40:20.395607525Z,2026-08-26T11:40:30.405063998Z,1024,94,0.091797,205.79,102.38,0
209,2026-08-26T11:40:31.407993208Z,2026-08-26T11:40:41.417291865Z,1024,95,0.092773,205.87,102.38,0
210,2026-08-26T11:40:42.420384149Z,2026-08-26T11:40:52.429871675Z,1024,99,0.096680,206.15,102.37,0
211,2026-08-26T11:40:53.432813423Z,2026-08-26T11:41:03.440644596Z,1024,102,0.099609,206.37,102.38,0
212,2026-08-26T11:41:04.443796042Z,2026-08-26T11:41:14.452476427Z,1024,112,0.109375,207.09,102.38,0
213,2026-08-26T11:41:15.455210602Z,2026-08-26T11:41:25.463470432Z,1024,105,0.102539,206.59,102.38,0
214,2026-08-26T11:41:26.466441648Z,2026-08-26T11:41:36.476698071Z,1024,116,0.113281,207.38,102.37,0
215,2026-08-26T11:41:37.479614706Z,2026-08-26T11:41:47.488810809Z,1024,89,0.086914,205.43,102.38,0
216,2026-08-26T11:41:48.492048665Z,2026-08-26T11:41:58.501634402Z,1024,112,0.109375,207.09,102.37,0
217,2026-08-26T11:41:59.504667687Z,2026-08-26T11:42:09.513957004Z,1024,112,0.109375,207.09,102.37,0
218,2026-08-26T11:42:10.516966971Z,2026-08-26T11:42:20.525057583Z,1024,103,0.100586,206.44,102.39,0
219,2026-08-26T11:42:21.528268148Z,2026-08-26T11:42:31.539117922Z,1024,112,0.109375,207.09,102.37,0
220,2026-08-26T11:42:32.542018729Z,2026-08-26T11:42:42.551377403Z,1024,104,0.101562,206.52,102.38,0
221,2026-08-26T11:42:43.555133609Z,2026-08-26T11:42:53.564052563Z,1024,98,0.095703,206.08,102.38,0
222,2026-08-26T11:42:54.566875058Z,2026-08-26T11:43:04.576130000Z,1024,111,0.108398,207.02,102.38,0
223,2026-08-26T11:43:05.579991189Z,2026-08-26T11:43:15.589001210Z,1024,102,0.099609,206.37,102.38,0
224,2026-08-26T11:43:16.591990576Z,2026-08-26T11:43:26.602375696Z,1024,100,0.097656,206.23,102.38,0
225,2026-08-26T11:43:27.605396669Z,2026-08-26T11:43:37.615551920Z,1024,97,0.094727,206.01,102.37,0
226,2026-08-26T11:43:38.618664340Z,2026-08-26T11:43:48.627467061Z,1024,80,0.078125,204.78,102.38,0
227,2026-08-26T11:43:49.630524860Z,2026-08-26T11:43:59.639303537Z,1024,111,0.108398,207.02,102.38,0
228,2026-08-26T11:44:00.642457250Z,2026-08-26T11:44:10.652126478Z,1024,95,0.092773,205.87,102.37,0
229,2026-08-26T11:44:11.655135154Z,2026-08-26T11:44:21.663434573Z,1024,111,0.108398,207.02,102.38,0
230,2026-08-26T11:44:22.666698119Z,2026-08-26T11:44:32.678791532Z,1024,117,0.114258,207.46,102.36,0
231,2026-08-26T11:44:33.681804622Z,2026-08-26T11:44:43.691790585Z,1024,117,0.114258,207.46,102.39,0
232,2026-08-26T11:44:44.694634998Z,2026-08-26T11:44:54.703529565Z,1024,104,0.101562,206.52,102.39,0
233,2026-08-26T11:44:55.706861696Z,2026-08-26T11:45:05.717678469Z,1024,129,0.125977,208.32,102.38,0
234,2026-08-26T11:45:06.720882130Z,2026-08-26T11:45:16.729251006Z,1024,89,0.086914,205.43,102.38,0
235,2026-08-26T11:45:17.732192188Z,2026-08-26T11:45:27.741212839Z,1024,90,0.087891,205.5,102.38,0
236,2026-08-26T11:45:28.744332408Z,2026-08-26T11:45:38.752383528Z,1024,75,0.073242,204.42,102.39,0
237,2026-08-26T11:45:39.755607418Z,2026-08-26T11:45:49.764628628Z,1024,111,0.108398,207.02,102.38,0
238,2026-08-26T11:45:50.767673128Z,2026-08-26T11:46:00.777504256Z,1024,102,0.099609,206.37,102.37,0
239,2026-08-26T11:46:01.780778548Z,2026-08-26T11:46:11.790133477Z,1024,99,0.096680,206.15,102.38,0
240,2026-08-26T11:46:12.793150852Z,2026-08-26T11:46:22.802223022Z,1024,102,0.099609,206.37,102.37,0
241,2026-08-26T11:46:23.805112069Z,2026-08-26T11:46:33.813584378Z,1024,109,0.106445,206.88,102.38,0
242,2026-08-26T11:46:34.816385882Z,2026-08-26T11:46:44.825861400Z,1024,85,0.083008,205.14,102.37,0
243,2026-08-26T11:46:45.828608967Z,2026-08-26T11:46:55.840544119Z,1024,96,0.093750,205.94,102.38,0
244,2026-08-26T11:46:56.843665209Z,2026-08-26T11:47:06.851875012Z,1024,107,0.104492,206.73,102.39,0
245,2026-08-26T11:47:07.855346583Z,2026-08-26T11:47:17.864371759Z,1024,100,0.097656,206.23,102.38,0
246,2026-08-26T11:47:18.867367454Z,2026-08-26T11:47:28.878197570Z,1024,85,0.083008,205.14,102.37,0
247,2026-08-26T11:47:29.883954290Z,2026-08-26T11:47:39.892954421Z,1024,100,0.097656,206.23,102.38,0
248,2026-08-26T11:47:40.895802106Z,2026-08-26T11:47:50.905620598Z,1024,98,0.095703,206.08,102.37,0
249,2026-08-26T11:47:51.908670377Z,2026-08-26T11:48:01.917069992Z,1024,114,0.111328,207.24,102.38,0
250,2026-08-26T11:48:02.920495413Z,2026-08-26T11:48:12.928614559Z,1024,84,0.082031,205.07,102.39,0
251,2026-08-26T11:48:13.931969512Z,2026-08-26T11:48:23.941452579Z,1024,113,0.110352,207.17,102.38,0
252,2026-08-26T11:48:24.944256532Z,2026-08-26T11:48:34.953286266Z,1024,100,0.097656,206.23,102.38,0
253,2026-08-26T11:48:35.956179421Z,2026-08-26T11:48:45.964410450Z,1024,104,0.101562,206.52,102.38,0
254,2026-08-26T11:48:46.967911248Z,2026-08-26T11:48:56.979142408Z,1024,112,0.109375,207.09,102.36,0
255,2026-08-26T11:48:57.982206407Z,2026-08-26T11:49:07.991947247Z,1024,89,0.086914,205.43,102.37,0
256,2026-08-26T11:49:08.994899436Z,2026-08-26T11:49:19.004288845Z,1024,92,0.089844,205.65,102.38,0
257,2026-08-26T11:49:20.007267691Z,2026-08-26T11:49:30.019098755Z,1024,98,0.095703,206.08,102.38,0
258,2026-08-26T11:49:31.022499630Z,2026-08-26T11:49:41.031698643Z,1024,103,0.100586,206.44,102.38,0
259,2026-08-26T11:49:42.034627277Z,2026-08-26T11:49:52.042885759Z,1024,91,0.088867,205.58,102.38,0
260,2026-08-26T11:49:53.045996229Z,2026-08-26T11:50:03.055013243Z,1024,107,0.104492,206.73,102.38,0
261,2026-08-26T11:50:04.058192892Z,2026-08-26T11:50:14.067575610Z,1024,108,0.105469,206.8,102.38,0
262,2026-08-26T11:50:15.070785693Z,2026-08-26T11:50:25.080334650Z,1024,100,0.097656,206.23,102.39,0
263,2026-08-26T11:50:26.082489054Z,2026-08-26T11:50:36.091113023Z,1024,104,0.101562,206.52,102.38,0
264,2026-08-26T11:50:37.094267173Z,2026-08-26T11:50:47.102663583Z,1024,109,0.106445,206.88,102.38,0
265,2026-08-26T11:50:48.105810689Z,2026-08-26T11:50:58.114621990Z,1024,121,0.118164,207.74,102.38,0
266,2026-08-26T11:50:59.117489922Z,2026-08-26T11:51:09.126016106Z,1024,118,0.115234,207.53,102.38,0
267,2026-08-26T11:51:10.129039262Z,2026-08-26T11:51:20.137903617Z,1024,106,0.103516,206.66,102.38,0
268,2026-08-26T11:51:21.140957151Z,2026-08-26T11:51:31.150610603Z,1024,87,0.084961,205.29,102.37,0
269,2026-08-26T11:51:32.153569142Z,2026-08-26T11:51:42.161805225Z,1024,101,0.098633,206.3,102.39,0
270,2026-08-26T11:51:43.164705446Z,2026-08-26T11:51:53.172757331Z,1024,96,0.093750,205.94,102.39,0
271,2026-08-26T11:51:54.176027991Z,2026-08-26T11:52:04.184709610Z,1024,107,0.104492,206.73,102.39,0
272,2026-08-26T11:52:05.187839413Z,2026-08-26T11:52:15.196785207Z,1024,101,0.098633,206.3,102.38,0
273,2026-08-26T11:52:16.200684458Z,2026-08-26T11:52:26.209968564Z,1024,87,0.084961,205.29,102.38,0
274,2026-08-26T11:52:27.213099463Z,2026-08-26T11:52:37.222385463Z,1024,112,0.109375,207.09,102.37,0
275,2026-08-26T11:52:38.225493782Z,2026-08-26T11:52:48.237394602Z,1024,100,0.097656,206.23,102.37,0
276,2026-08-26T11:52:49.240157556Z,2026-08-26T11:52:59.249500433Z,1024,85,0.083008,205.14,102.37,0
277,2026-08-26T11:53:00.252352693Z,2026-08-26T11:53:10.263192385Z,1024,83,0.081055,205.0,102.36,0
278,2026-08-26T11:53:11.266397217Z,2026-08-26T11:53:21.275037651Z,1024,105,0.102539,206.59,102.38,0
279,2026-08-26T11:53:22.278419548Z,2026-08-26T11:53:32.288407878Z,1024,109,0.106445,206.88,102.37,0
280,2026-08-26T11:53:33.291381142Z,2026-08-26T11:53:43.299865246Z,1024,96,0.093750,205.94,102.38,0
281,2026-08-26T11:53:44.302812848Z,2026-08-26T11:53:54.312626552Z,1024,98,0.095703,206.08,102.38,0
282,2026-08-26T11:53:55.315437110Z,2026-08-26T11:54:05.324194142Z,1024,112,0.109375,207.09,102.38,0
283,2026-08-26T11:54:06.327073353Z,2026-08-26T11:54:16.337533024Z,1024,105,0.102539,206.59,102.37,0
284,2026-08-26T11:54:17.340505173Z,2026-08-26T11:54:27.349046508Z,1024,102,0.099609,206.37,102.38,0
285,2026-08-26T11:54:28.352073706Z,2026-08-26T11:54:38.360447477Z,1024,86,0.083984,205.21,102.38,0
286,2026-08-26T11:54:39.363253028Z,2026-08-26T11:54:49.373581869Z,1024,101,0.098633,206.3,102.37,0
287,2026-08-26T11:54:50.376502588Z,2026-08-26T11:55:00.386623369Z,1024,100,0.097656,206.23,102.38,0
288,2026-08-26T11:55:01.389616677Z,2026-08-26T11:55:11.398847689Z,1024,116,0.113281,207.38,102.37,0
289,2026-08-26T11:55:12.401767961Z,2026-08-26T11:55:22.409996976Z,1024,100,0.097656,206.23,102.38,0
290,2026-08-26T11:55:23.413083072Z,2026-08-26T11:55:33.422147988Z,1024,96,0.093750,205.94,102.38,0
291,2026-08-26T11:55:34.425099614Z,2026-08-26T11:55:44.433967206Z,1024,102,0.099609,206.37,102.38,0
292,2026-08-26T11:55:45.436803074Z,2026-08-26T11:55:55.446262848Z,1024,103,0.100586,206.44,102.37,0
293,2026-08-26T11:55:56.449589367Z,2026-08-26T11:56:06.459446429Z,1024,103,0.100586,206.44,102.38,0
294,2026-08-26T11:56:07.462431690Z,2026-08-26T11:56:17.471331256Z,1024,108,0.105469,206.8,102.38,0
295,2026-08-26T11:56:18.474185063Z,2026-08-26T11:56:28.483138994Z,1024,109,0.106445,206.88,102.38,0
296,2026-08-26T11:56:29.486036859Z,2026-08-26T11:56:39.495275086Z,1024,92,0.089844,205.65,102.38,0
297,2026-08-26T11:56:40.498117969Z,2026-08-26T11:56:50.506461071Z,1024,106,0.103516,206.66,102.38,0
298,2026-08-26T11:56:51.509235924Z,2026-08-26T11:57:01.518156946Z,1024,98,0.095703,206.08,102.38,0
299,2026-08-26T11:57:02.520978489Z,2026-08-26T11:57:12.530930958Z,1024,108,0.105469,206.8,102.38,0
300,2026-08-26T11:57:13.534015218Z,2026-08-26T11:57:23.543643000Z,1024,109,0.106445,206.88,102.38,0
301,2026-08-26T11:57:24.547413244Z,2026-08-26T11:57:34.557127370Z,1024,92,0.089844,205.65,102.38,0
302,2026-08-26T11:57:35.560196767Z,2026-08-26T11:57:45.570541766Z,1024,109,0.106445,206.88,102.37,0
303,2026-08-26T11:57:46.573849414Z,2026-08-26T11:57:56.582606741Z,1024,102,0.099609,206.37,102.38,0
304,2026-08-26T11:57:57.585548276Z,2026-08-26T11:58:07.594067902Z,1024,117,0.114258,207.46,102.38,0
305,2026-08-26T11:58:08.597885029Z,2026-08-26T11:58:18.609336448Z,1024,89,0.086914,205.43,102.38,0
306,2026-08-26T11:58:19.612339354Z,2026-08-26T11:58:29.622609441Z,1024,95,0.092773,205.87,102.36,0
307,2026-08-26T11:58:30.625469805Z,2026-08-26T11:58:40.635292440Z,1024,104,0.101562,206.52,102.37,0
308,2026-08-26T11:58:41.638953807Z,2026-08-26T11:58:51.647489369Z,1024,105,0.102539,206.59,102.38,0
309,2026-08-26T11:58:52.650469802Z,2026-08-26T11:59:02.660263826Z,1024,105,0.102539,206.59,102.38,0
310,2026-08-26T11:59:03.663245504Z,2026-08-26T11:59:13.671816911Z,1024,93,0.090820,205.72,102.39,0
311,2026-08-26T11:59:14.675092598Z,2026-08-26T11:59:24.684446002Z,1024,100,0.097656,206.23,102.37,0
312,2026-08-26T11:59:25.687582255Z,2026-08-26T11:59:35.697146355Z,1024,112,0.109375,207.09,102.38,0
313,2026-08-26T11:59:36.699981048Z,2026-08-26T11:59:46.708331973Z,1024,109,0.106445,206.88,102.38,0
314,2026-08-26T11:59:47.711298775Z,2026-08-26T11:59:57.719540978Z,1024,111,0.108398,207.02,102.39,0
315,2026-08-26T11:59:58.722603075Z,2026-08-26T12:00:08.731966722Z,1024,94,0.091797,205.79,102.38,0
316,2026-08-26T12:00:09.734966559Z,2026-08-26T12:00:19.743503583Z,1024,89,0.086914,205.43,102.38,0
317,2026-08-26T12:00:20.746625496Z,2026-08-26T12:00:30.756016804Z,1024,110,0.107422,206.95,102.38,0
318,2026-08-26T12:00:31.759221954Z,2026-08-26T12:00:41.768037867Z,1024,102,0.099609,206.37,102.38,0
319,2026-08-26T12:00:42.771014908Z,2026-08-26T12:00:52.780339076Z,1024,94,0.091797,205.79,102.38,0
320,2026-08-26T12:00:53.783172421Z,2026-08-26T12:01:03.793066223Z,1024,97,0.094727,206.01,102.38,0
321,2026-08-26T12:01:04.796264014Z,2026-08-26T12:01:14.805653318Z,1024,89,0.086914,205.43,102.37,0
322,2026-08-26T12:01:15.808835187Z,2026-08-26T12:01:25.817561803Z,1024,97,0.094727,206.01,102.38,0
323,2026-08-26T12:01:26.821198042Z,2026-08-26T12:01:36.829248773Z,1024,98,0.095703,206.08,102.39,0
324,2026-08-26T12:01:37.832330097Z,2026-08-26T12:01:47.842589025Z,1024,111,0.108398,207.02,102.37,0
325,2026-08-26T12:01:48.845504297Z,2026-08-26T12:01:58.854659938Z,1024,102,0.099609,206.37,102.38,0
326,2026-08-26T12:01:59.857941044Z,2026-08-26T12:02:09.867695704Z,1024,92,0.089844,205.65,102.38,0
327,2026-08-26T12:02:10.870566715Z,2026-08-26T12:02:20.879826757Z,1024,89,0.086914,205.43,102.38,0
328,2026-08-26T12:02:21.882812366Z,2026-08-26T12:02:31.891492767Z,1024,132,0.128906,208.54,102.38,0
329,2026-08-26T12:02:32.894366324Z,2026-08-26T12:02:42.903004627Z,1024,98,0.095703,206.08,102.38,0
330,2026-08-26T12:02:43.906008474Z,2026-08-26T12:02:53.914048556Z,1024,110,0.107422,206.95,102.39,0
331,2026-08-26T12:02:54.917077875Z,2026-08-26T12:03:04.926100116Z,1024,118,0.115234,207.53,102.38,0
332,2026-08-26T12:03:05.929106932Z,2026-08-26T12:03:15.937750987Z,1024,107,0.104492,206.73,102.39,0
333,2026-08-26T12:03:16.940642055Z,2026-08-26T12:03:26.950404824Z,1024,112,0.109375,207.09,102.37,0
334,2026-08-26T12:03:27.953532882Z,2026-08-26T12:03:37.962169778Z,1024,107,0.104492,206.73,102.38,0
335,2026-08-26T12:03:38.965541937Z,2026-08-26T12:03:48.981658685Z,1024,98,0.095703,206.08,102.38,0
336,2026-08-26T12:03:49.984582487Z,2026-08-26T12:03:59.995102909Z,1024,106,0.103516,206.66,102.38,0
337,2026-08-26T12:04:00.998423911Z,2026-08-26T12:04:11.007241234Z,1024,107,0.104492,206.73,102.38,0
338,2026-08-26T12:04:12.010452676Z,2026-08-26T12:04:22.019748030Z,1024,109,0.106445,206.88,102.37,0
339,2026-08-26T12:04:23.022816589Z,2026-08-26T12:04:33.032663960Z,1024,121,0.118164,207.74,102.37,0
340,2026-08-26T12:04:34.035359252Z,2026-08-26T12:04:44.045769677Z,1024,108,0.105469,206.8,102.37,0
341,2026-08-26T12:04:45.049117869Z,2026-08-26T12:04:55.062117901Z,1024,85,0.083008,205.14,102.37,0
342,2026-08-26T12:04:56.064297597Z,2026-08-26T12:05:06.075081661Z,1024,96,0.093750,205.94,102.38,0
343,2026-08-26T12:05:07.078339994Z,2026-08-26T12:05:17.088220560Z,1024,103,0.100586,206.44,102.38,0
344,2026-08-26T12:05:18.091108902Z,2026-08-26T12:05:28.102261414Z,1024,112,0.109375,207.09,102.36,0
345,2026-08-26T12:05:29.105175097Z,2026-08-26T12:05:39.113924290Z,1024,109,0.106445,206.88,102.38,0
346,2026-08-26T12:05:40.117068430Z,2026-08-26T12:05:50.127761817Z,1024,87,0.084961,205.29,102.36,0
347,2026-08-26T12:05:51.130844727Z,2026-08-26T12:06:01.140868439Z,1024,103,0.100586,206.44,102.37,0
348,2026-08-26T12:06:02.144279895Z,2026-08-26T12:06:12.153161435Z,1024,103,0.100586,206.44,102.38,0
349,2026-08-26T12:06:13.156124964Z,2026-08-26T12:06:23.164596974Z,1024,98,0.095703,206.08,102.38,0
350,2026-08-26T12:06:24.167425004Z,2026-08-26T12:06:34.178211233Z,1024,118,0.115234,207.53,102.38,0
351,2026-08-26T12:06:35.182954918Z,2026-08-26T12:06:45.190793892Z,1024,94,0.091797,205.79,102.39,0
352,2026-08-26T12:06:46.193856601Z,2026-08-26T12:06:56.202557702Z,1024,110,0.107422,206.95,102.38,0
353,2026-08-26T12:06:57.205663053Z,2026-08-26T12:07:07.215190654Z,1024,112,0.109375,207.09,102.38,0
354,2026-08-26T12:07:08.218187943Z,2026-08-26T12:07:18.226492711Z,1024,112,0.109375,207.09,102.38,0
355,2026-08-26T12:07:19.229377363Z,2026-08-26T12:07:29.238024895Z,1024,95,0.092773,205.87,102.38,0
356,2026-08-26T12:07:30.241123090Z,2026-08-26T12:07:40.251271717Z,1024,102,0.099609,206.37,102.38,0
357,2026-08-26T12:07:41.254401509Z,2026-08-26T12:07:51.263949346Z,1024,98,0.095703,206.08,102.38,0
358,2026-08-26T12:07:52.267376306Z,2026-08-26T12:08:02.279004435Z,1024,109,0.106445,206.88,102.35,0
359,2026-08-26T12:08:03.282207845Z,2026-08-26T12:08:13.292639344Z,1024,85,0.083008,205.14,102.37,0
360,2026-08-26T12:08:14.296640220Z,2026-08-26T12:08:24.308218593Z,1024,104,0.101562,206.52,102.38,0
361,2026-08-26T12:08:25.311408223Z,2026-08-26T12:08:35.321573087Z,1024,99,0.096680,206.15,102.38,0
362,2026-08-26T12:08:36.324444443Z,2026-08-26T12:08:46.334211126Z,1024,107,0.104492,206.73,102.38,0
363,2026-08-26T12:08:47.337163873Z,2026-08-26T12:08:57.345700378Z,1024,79,0.077148,204.71,102.38,0
364,2026-08-26T12:08:58.349266067Z,2026-08-26T12:09:08.359875579Z,1024,113,0.110352,207.17,102.36,0
365,2026-08-26T12:09:09.362803001Z,2026-08-26T12:09:19.372674972Z,1024,105,0.102539,206.59,102.38,0
366,2026-08-26T12:09:20.376002762Z,2026-08-26T12:09:30.385995641Z,1024,106,0.103516,206.66,102.38,0
367,2026-08-26T12:09:31.389353155Z,2026-08-26T12:09:41.400161863Z,1024,97,0.094727,206.01,102.38,0
368,2026-08-26T12:09:42.403379536Z,2026-08-26T12:09:52.413453168Z,1024,124,0.121094,207.96,102.37,0
369,2026-08-26T12:09:53.416787372Z,2026-08-26T12:10:03.426119647Z,1024,105,0.102539,206.59,102.38,0
370,2026-08-26T12:10:04.429289027Z,2026-08-26T12:10:14.438060868Z,1024,116,0.113281,207.38,102.38,0
371,2026-08-26T12:10:15.441405994Z,2026-08-26T12:10:25.450136909Z,1024,102,0.099609,206.37,102.39,0
372,2026-08-26T12:10:26.453785171Z,2026-08-26T12:10:36.463574341Z,1024,99,0.096680,206.15,102.39,0
373,2026-08-26T12:10:37.466896337Z,2026-08-26T12:10:47.475896480Z,1024,96,0.093750,205.94,102.38,0
374,2026-08-26T12:10:48.479787982Z,2026-08-26T12:10:58.490191763Z,1024,95,0.092773,205.87,102.38,0
375,2026-08-26T12:10:59.493317583Z,2026-08-26T12:11:09.502956177Z,1024,117,0.114258,207.46,102.37,0
376,2026-08-26T12:11:10.506367414Z,2026-08-26T12:11:20.518845740Z,1024,103,0.100586,206.44,102.37,0
377,2026-08-26T12:11:21.521821532Z,2026-08-26T12:11:31.532703026Z,1024,84,0.082031,205.07,102.37,0
378,2026-08-26T12:11:32.535677832Z,2026-08-26T12:11:42.545375559Z,1024,103,0.100586,206.44,102.38,0
379,2026-08-26T12:11:43.548331559Z,2026-08-26T12:11:53.557436947Z,1024,96,0.093750,205.94,102.38,0
380,2026-08-26T12:11:54.560984352Z,2026-08-26T12:12:04.570955546Z,1024,111,0.108398,207.02,102.37,0
381,2026-08-26T12:12:05.574011685Z,2026-08-26T12:12:15.583263322Z,1024,91,0.088867,205.58,102.38,0
382,2026-08-26T12:12:16.586508263Z,2026-08-26T12:12:26.595116237Z,1024,96,0.093750,205.94,102.38,0
383,2026-08-26T12:12:27.598060075Z,2026-08-26T12:12:37.606805580Z,1024,120,0.117188,207.67,102.38,0
384,2026-08-26T12:12:38.610232715Z,2026-08-26T12:12:48.622293844Z,1024,109,0.106445,206.88,102.38,0
385,2026-08-26T12:12:49.625406455Z,2026-08-26T12:12:59.634229202Z,1024,110,0.107422,206.95,102.38,0
386,2026-08-26T12:13:00.637094655Z,2026-08-26T12:13:10.645646053Z,1024,113,0.110352,207.17,102.38,0
387,2026-08-26T12:13:11.649118829Z,2026-08-26T12:13:21.658850101Z,1024,116,0.113281,207.38,102.37,0
388,2026-08-26T12:13:22.662234373Z,2026-08-26T12:13:32.673019032Z,1024,107,0.104492,206.73,102.37,0
389,2026-08-26T12:13:33.676338151Z,2026-08-26T12:13:43.687570317Z,1024,84,0.082031,205.07,102.37,0
390,2026-08-26T12:13:44.690824028Z,2026-08-26T12:13:54.699800521Z,1024,102,0.099609,206.37,102.38,0
391,2026-08-26T12:13:55.703016211Z,2026-08-26T12:14:05.712866484Z,1024,90,0.087891,205.5,102.37,0
392,2026-08-26T12:14:06.715831922Z,2026-08-26T12:14:16.725202011Z,1024,99,0.096680,206.15,102.38,0
393,2026-08-26T12:14:17.729115886Z,2026-08-26T12:14:27.740308838Z,1024,94,0.091797,205.79,102.36,0
394,2026-08-26T12:14:28.743173709Z,2026-08-26T12:14:38.753253652Z,1024,94,0.091797,205.79,102.37,0
395,2026-08-26T12:14:39.756337018Z,2026-08-26T12:14:49.765647864Z,1024,103,0.100586,206.44,102.38,0
396,2026-08-26T12:14:50.768797419Z,2026-08-26T12:15:00.777708091Z,1024,98,0.095703,206.08,102.39,0
397,2026-08-26T12:15:01.781398949Z,2026-08-26T12:15:11.790069811Z,1024,91,0.088867,205.58,102.39,0
398,2026-08-26T12:15:12.794201177Z,2026-08-26T12:15:22.803678261Z,1024,95,0.092773,205.87,102.38,0
399,2026-08-26T12:15:23.806633195Z,2026-08-26T12:15:33.815159842Z,1024,91,0.088867,205.58,102.39,0
400,2026-08-26T12:15:34.818940186Z,2026-08-26T12:15:44.827644706Z,1024,98,0.095703,206.08,102.38,0
401,2026-08-26T12:15:45.830976856Z,2026-08-26T12:15:55.841182220Z,994,95,0.095573,200.04,99.37,0
402,2026-08-26T12:15:56.844451794Z,2026-08-26T12:16:06.854416690Z,1024,95,0.092773,205.87,102.38,0
403,2026-08-26T12:16:07.857327304Z,2026-08-26T12:16:17.866831322Z,1024,115,0.112305,207.31,102.38,0
404,2026-08-26T12:16:18.869528078Z,2026-08-26T12:16:28.877366482Z,1024,86,0.083984,205.21,102.39,0
405,2026-08-26T12:16:29.880191831Z,2026-08-26T12:16:39.888506205Z,1024,106,0.103516,206.66,102.39,0
406,2026-08-26T12:16:40.892082395Z,2026-08-26T12:16:50.900620059Z,1024,96,0.093750,205.94,102.38,0
407,2026-08-26T12:16:51.903508972Z,2026-08-26T12:17:01.913175346Z,1024,105,0.102539,206.59,102.38,0
408,2026-08-26T12:17:02.916208002Z,2026-08-26T12:17:12.924266177Z,1024,89,0.086914,205.43,102.38,0
409,2026-08-26T12:17:13.927494525Z,2026-08-26T12:17:23.937287438Z,1024,108,0.105469,206.8,102.38,0
410,2026-08-26T12:17:24.940533600Z,2026-08-26T12:17:34.949557004Z,1024,108,0.105469,206.8,102.39,0
411,2026-08-26T12:17:35.953094645Z,2026-08-26T12:17:45.962407570Z,1024,94,0.091797,205.79,102.38,0
412,2026-08-26T12:17:46.965628529Z,2026-08-26T12:17:56.974863167Z,1024,86,0.083984,205.21,102.38,0
413,2026-08-26T12:17:57.977657216Z,2026-08-26T12:18:07.988000789Z,1024,106,0.103516,206.66,102.37,0
414,2026-08-26T12:18:08.991201476Z,2026-08-26T12:18:19.000402596Z,1024,107,0.104492,206.73,102.37,0
415,2026-08-26T12:18:20.003926732Z,2026-08-26T12:18:30.019174093Z,1024,104,0.101562,206.52,102.38,0
416,2026-08-26T12:18:31.022858316Z,2026-08-26T12:18:41.034609445Z,1024,99,0.096680,206.15,102.37,0
417,2026-08-26T12:18:42.037729941Z,2026-08-26T12:18:52.047226593Z,1024,97,0.094727,206.01,102.38,0
418,2026-08-26T12:18:53.050495569Z,2026-08-26T12:19:03.059982970Z,1024,93,0.090820,205.72,102.38,0
419,2026-08-26T12:19:04.063180316Z,2026-08-26T12:19:14.072986717Z,1024,114,0.111328,207.24,102.37,0
420,2026-08-26T12:19:15.075829494Z,2026-08-26T12:19:25.086212983Z,1024,104,0.101562,206.52,102.38,0
421,2026-08-26T12:19:26.089238906Z,2026-08-26T12:19:36.099207915Z,1024,115,0.112305,207.31,102.39,0
422,2026-08-26T12:19:37.102962626Z,2026-08-26T12:19:47.114839574Z,1024,86,0.083984,205.21,102.36,0
423,2026-08-26T12:19:48.117690904Z,2026-08-26T12:19:58.126056331Z,1024,100,0.097656,206.23,102.38,0
424,2026-08-26T12:19:59.128950164Z,2026-08-26T12:20:09.137334164Z,1024,101,0.098633,206.3,102.38,0
425,2026-08-26T12:20:10.140456657Z,2026-08-26T12:20:20.149562784Z,1024,107,0.104492,206.73,102.38,0
426,2026-08-26T12:20:21.152664604Z,2026-08-26T12:20:31.161533181Z,1024,113,0.110352,207.17,102.38,0
427,2026-08-26T12:20:32.164364921Z,2026-08-26T12:20:42.173767680Z,1024,71,0.069336,204.13,102.38,0
428,2026-08-26T12:20:43.176440556Z,2026-08-26T12:20:53.185345820Z,1024,112,0.109375,207.09,102.38,0
429,2026-08-26T12:20:54.188430047Z,2026-08-26T12:21:04.197220652Z,1024,99,0.096680,206.15,102.38,0
430,2026-08-26T12:21:05.200247668Z,2026-08-26T12:21:15.209241484Z,1024,99,0.096680,206.15,102.39,0
431,2026-08-26T12:21:16.212477433Z,2026-08-26T12:21:26.221506505Z,1024,75,0.073242,204.42,102.38,0
432,2026-08-26T12:21:27.225140786Z,2026-08-26T12:21:37.234971814Z,1024,91,0.088867,205.58,102.38,0
433,2026-08-26T12:21:38.238086950Z,2026-08-26T12:21:48.247147065Z,1024,118,0.115234,207.53,102.38,0
434,2026-08-26T12:21:49.250227800Z,2026-08-26T12:21:59.260074713Z,1024,112,0.109375,207.09,102.37,0
435,2026-08-26T12:22:00.263504852Z,2026-08-26T12:22:10.273235992Z,1024,105,0.102539,206.59,102.38,0
436,2026-08-26T12:22:11.276491823Z,2026-08-26T12:22:21.285204910Z,1024,101,0.098633,206.3,102.39,0
437,2026-08-26T12:22:22.289203711Z,2026-08-26T12:22:32.297790527Z,1024,107,0.104492,206.73,102.38,0
438,2026-08-26T12:22:33.301418532Z,2026-08-26T12:22:43.313933425Z,1024,105,0.102539,206.59,102.36,0
439,2026-08-26T12:22:44.317156718Z,2026-08-26T12:22:54.326973735Z,1024,97,0.094727,206.01,102.38,0
440,2026-08-26T12:22:55.332112731Z,2026-08-26T12:23:05.343114002Z,1024,94,0.091797,205.79,102.37,0
441,2026-08-26T12:23:06.346483334Z,2026-08-26T12:23:16.357385265Z,1024,99,0.096680,206.15,102.37,0
442,2026-08-26T12:23:17.360359776Z,2026-08-26T12:23:27.372133170Z,1024,88,0.085938,205.36,102.35,0
443,2026-08-26T12:23:28.375903167Z,2026-08-26T12:23:38.385821110Z,1024,116,0.113281,207.38,102.37,0
444,2026-08-26T12:23:39.389028634Z,2026-08-26T12:23:49.397848547Z,1024,107,0.104492,206.73,102.38,0
445,2026-08-26T12:23:50.400830827Z,2026-08-26T12:24:00.410173425Z,1024,103,0.100586,206.44,102.39,0
446,2026-08-26T12:24:01.413865111Z,2026-08-26T12:24:11.425103651Z,1024,95,0.092773,205.87,102.36,0
447,2026-08-26T12:24:12.428167693Z,2026-08-26T12:24:22.438462401Z,1024,96,0.093750,205.94,102.36,0
448,2026-08-26T12:24:23.441334534Z,2026-08-26T12:24:33.450869162Z,1024,131,0.127930,208.47,102.37,0
449,2026-08-26T12:24:34.453834790Z,2026-08-26T12:24:44.462992930Z,1024,93,0.090820,205.72,102.38,0
450,2026-08-26T12:24:45.465911728Z,2026-08-26T12:24:55.475024751Z,1024,111,0.108398,207.02,102.38,0
451,2026-08-26T12:24:56.477940349Z,2026-08-26T12:25:06.486915539Z,1024,112,0.109375,207.09,102.38,0
452,2026-08-26T12:25:07.490252987Z,2026-08-26T12:25:17.499837556Z,1024,121,0.118164,207.74,102.37,0
453,2026-08-26T12:25:18.503095651Z,2026-08-26T12:25:28.512679854Z,1024,115,0.112305,207.31,102.38,0
454,2026-08-26T12:25:29.515836711Z,2026-08-26T12:25:39.524529436Z,1024,100,0.097656,206.23,102.38,0
455,2026-08-26T12:25:40.527645376Z,2026-08-26T12:25:50.537877244Z,1024,97,0.094727,206.01,102.37,0
456,2026-08-26T12:25:51.540837219Z,2026-08-26T12:26:01.550078077Z,1024,107,0.104492,206.73,102.38,0
457,2026-08-26T12:26:02.553900081Z,2026-08-26T12:26:12.563222417Z,1024,112,0.109375,207.09,102.39,0
458,2026-08-26T12:26:13.567268077Z,2026-08-26T12:26:23.575976200Z,1024,106,0.103516,206.66,102.38,0
459,2026-08-26T12:26:24.579409246Z,2026-08-26T12:26:34.587680692Z,1024,95,0.092773,205.87,102.39,0
460,2026-08-26T12:26:35.590769866Z,2026-08-26T12:26:45.601168685Z,1024,93,0.090820,205.72,102.38,0
461,2026-08-26T12:26:46.604385660Z,2026-08-26T12:26:56.613843492Z,1024,98,0.095703,206.08,102.37,0
462,2026-08-26T12:26:57.617042282Z,2026-08-26T12:27:07.626327687Z,1024,104,0.101562,206.52,102.37,0
463,2026-08-26T12:27:08.629162191Z,2026-08-26T12:27:18.639147756Z,1024,113,0.110352,207.17,102.38,0
464,2026-08-26T12:27:19.642074503Z,2026-08-26T12:27:29.650986271Z,1024,116,0.113281,207.38,102.38,0
465,2026-08-26T12:27:30.653834858Z,2026-08-26T12:27:40.664613885Z,1024,108,0.105469,206.8,102.37,0
466,2026-08-26T12:27:41.668544901Z,2026-08-26T12:27:51.678975317Z,1024,102,0.099609,206.37,102.36,0
467,2026-08-26T12:27:52.684211045Z,2026-08-26T12:28:02.692873590Z,1024,97,0.094727,206.01,102.38,0
468,2026-08-26T12:28:03.695893846Z,2026-08-26T12:28:13.704645007Z,1024,118,0.115234,207.53,102.38,0
469,2026-08-26T12:28:14.708854918Z,2026-08-26T12:28:24.719116030Z,994,101,0.101610,200.47,99.38,0
470,2026-08-26T12:28:25.722372123Z,2026-08-26T12:28:35.731669204Z,1024,97,0.094727,206.01,102.38,0
471,2026-08-26T12:28:36.734774374Z,2026-08-26T12:28:46.744123825Z,1024,96,0.093750,205.94,102.38,0
472,2026-08-26T12:28:47.747049741Z,2026-08-26T12:28:57.755899729Z,1024,89,0.086914,205.43,102.38,0
473,2026-08-26T12:28:58.758954402Z,2026-08-26T12:29:08.768828989Z,1024,93,0.090820,205.72,102.38,0
474,2026-08-26T12:29:09.771789386Z,2026-08-26T12:29:19.780121876Z,1024,108,0.105469,206.8,102.38,0
475,2026-08-26T12:29:20.783204916Z,2026-08-26T12:29:30.791948482Z,1024,103,0.100586,206.44,102.38,0
476,2026-08-26T12:29:31.795080273Z,2026-08-26T12:29:41.805298927Z,1024,92,0.089844,205.65,102.38,0
477,2026-08-26T12:29:42.808433371Z,2026-08-26T12:29:52.816859763Z,1024,106,0.103516,206.66,102.39,0
478,2026-08-26T12:29:53.819671367Z,2026-08-26T12:30:03.829009290Z,1024,103,0.100586,206.44,102.38,0
479,2026-08-26T12:30:04.832121188Z,2026-08-26T12:30:14.840910937Z,1024,93,0.090820,205.72,102.38,0
480,2026-08-26T12:30:15.843975346Z,2026-08-26T12:30:25.852570442Z,1024,83,0.081055,205.0,102.38,0
481,2026-08-26T12:30:26.855862481Z,2026-08-26T12:30:36.865909971Z,1024,112,0.109375,207.09,102.38,0
482,2026-08-26T12:30:37.868793358Z,2026-08-26T12:30:47.877179898Z,1024,107,0.104492,206.73,102.38,0
483,2026-08-26T12:30:48.879920278Z,2026-08-26T12:30:58.888149061Z,1024,100,0.097656,206.23,102.38,0
484,2026-08-26T12:30:59.891096500Z,2026-08-26T12:31:09.900907163Z,1024,81,0.079102,204.85,102.37,0
485,2026-08-26T12:31:10.903929588Z,2026-08-26T12:31:20.914667147Z,1024,107,0.104492,206.73,102.36,0
486,2026-08-26T12:31:21.917617412Z,2026-08-26T12:31:31.925777283Z,1024,97,0.094727,206.01,102.39,0
487,2026-08-26T12:31:32.928828187Z,2026-08-26T12:31:42.938208413Z,1024,91,0.088867,205.58,102.38,0
488,2026-08-26T12:31:43.941174125Z,2026-08-26T12:31:53.950969894Z,1024,91,0.088867,205.58,102.37,0
489,2026-08-26T12:31:54.954087045Z,2026-08-26T12:32:04.963986630Z,1024,105,0.102539,206.59,102.37,0
490,2026-08-26T12:32:05.967272799Z,2026-08-26T12:32:15.977258217Z,1024,99,0.096680,206.15,102.38,0
491,2026-08-26T12:32:16.980323348Z,2026-08-26T12:32:26.989955650Z,1024,102,0.099609,206.37,102.38,0
492,2026-08-26T12:32:27.993956970Z,2026-08-26T12:32:38.004097085Z,1024,102,0.099609,206.37,102.38,0
493,2026-08-26T12:32:39.007216711Z,2026-08-26T12:32:49.016271358Z,1024,128,0.125000,208.25,102.38,0
494,2026-08-26T12:32:50.019078878Z,2026-08-26T12:33:00.028816279Z,1024,91,0.088867,205.58,102.38,0
495,2026-08-26T12:33:01.033456581Z,2026-08-26T12:33:11.041764841Z,1024,108,0.105469,206.8,102.38,0
496,2026-08-26T12:33:12.045224898Z,2026-08-26T12:33:22.054184503Z,1024,107,0.104492,206.73,102.38,0
497,2026-08-26T12:33:23.057201798Z,2026-08-26T12:33:33.066338488Z,1024,96,0.093750,205.94,102.38,0
498,2026-08-26T12:33:34.069430229Z,2026-08-26T12:33:44.079077655Z,1024,131,0.127930,208.47,102.37,0
499,2026-08-26T12:33:45.081999383Z,2026-08-26T12:33:55.091131565Z,1024,119,0.116211,207.6,102.38,0
500,2026-08-26T12:33:56.093992702Z,2026-08-26T12:34:06.104229231Z,1024,94,0.091797,205.79,102.38,0
501,2026-08-26T12:34:07.107173201Z,2026-08-26T12:34:17.116045901Z,1024,103,0.100586,206.44,102.38,0
502,2026-08-26T12:34:18.119035345Z,2026-08-26T12:34:28.128192725Z,1024,107,0.104492,206.73,102.38,0
503,2026-08-26T12:34:29.131157231Z,2026-08-26T12:34:39.140106191Z,1024,96,0.093750,205.94,102.38,0
504,2026-08-26T12:34:40.143100976Z,2026-08-26T12:34:50.151588767Z,1024,119,0.116211,207.6,102.38,0
505,2026-08-26T12:34:51.155036236Z,2026-08-26T12:35:01.163407575Z,1024,96,0.093750,205.94,102.39,0
506,2026-08-26T12:35:02.166952015Z,2026-08-26T12:35:12.175515504Z,1024,98,0.095703,206.08,102.38,0
507,2026-08-26T12:35:13.178777776Z,2026-08-26T12:35:23.188867765Z,1024,103,0.100586,206.44,102.37,0
508,2026-08-26T12:35:24.192018748Z,2026-08-26T12:35:34.202168944Z,1024,104,0.101562,206.52,102.39,0
509,2026-08-26T12:35:35.206600429Z,2026-08-26T12:35:45.214869128Z,1024,91,0.088867,205.58,102.38,0
510,2026-08-26T12:35:46.218086940Z,2026-08-26T12:35:56.227586695Z,1024,105,0.102539,206.59,102.38,0
511,2026-08-26T12:35:57.230816486Z,2026-08-26T12:36:07.239033630Z,1024,106,0.103516,206.66,102.39,0
512,2026-08-26T12:36:08.242371022Z,2026-08-26T12:36:18.251695577Z,1024,117,0.114258,207.46,102.38,0
513,2026-08-26T12:36:19.254655870Z,2026-08-26T12:36:29.264122931Z,1024,97,0.094727,206.01,102.38,0
514,2026-08-26T12:36:30.267699139Z,2026-08-26T12:36:40.276533834Z,1024,99,0.096680,206.15,102.38,0
515,2026-08-26T12:36:41.279561418Z,2026-08-26T12:36:51.287942686Z,1024,109,0.106445,206.88,102.38,0
516,2026-08-26T12:36:52.291056458Z,2026-08-26T12:37:02.300127172Z,1024,109,0.106445,206.88,102.38,0
517,2026-08-26T12:37:03.303292236Z,2026-08-26T12:37:13.312094947Z,1024,85,0.083008,205.14,102.38,0
518,2026-08-26T12:37:14.315262834Z,2026-08-26T12:37:24.324212473Z,1024,93,0.090820,205.72,102.38,0
519,2026-08-26T12:37:25.327119791Z,2026-08-26T12:37:35.335734250Z,1024,97,0.094727,206.01,102.38,0
520,2026-08-26T12:37:36.338574664Z,2026-08-26T12:37:46.347084672Z,1024,110,0.107422,206.95,102.38,0
521,2026-08-26T12:37:47.350339818Z,2026-08-26T12:37:57.360192400Z,1024,108,0.105469,206.8,102.38,0
522,2026-08-26T12:37:58.363903682Z,2026-08-26T12:38:08.372651861Z,1024,108,0.105469,206.8,102.39,0
523,2026-08-26T12:38:09.375510016Z,2026-08-26T12:38:19.385086342Z,1024,99,0.096680,206.15,102.37,0
524,2026-08-26T12:38:20.388939139Z,2026-08-26T12:38:30.398153557Z,1024,90,0.087891,205.5,102.39,0
525,2026-08-26T12:38:31.401659156Z,2026-08-26T12:38:41.410844110Z,1024,85,0.083008,205.14,102.39,0
526,2026-08-26T12:38:42.414127821Z,2026-08-26T12:38:52.423791194Z,1024,107,0.104492,206.73,102.37,0
527,2026-08-26T12:38:53.427134230Z,2026-08-26T12:39:03.435848340Z,1024,94,0.091797,205.79,102.38,0
528,2026-08-26T12:39:04.439054227Z,2026-08-26T12:39:14.448419566Z,1024,87,0.084961,205.29,102.38,0
529,2026-08-26T12:39:15.452104813Z,2026-08-26T12:39:25.460888289Z,1024,93,0.090820,205.72,102.38,0
530,2026-08-26T12:39:26.464110200Z,2026-08-26T12:39:36.476678175Z,994,86,0.086519,199.38,99.38,0
531,2026-08-26T12:39:37.479863255Z,2026-08-26T12:39:47.487998323Z,1024,96,0.093750,205.94,102.39,0
532,2026-08-26T12:39:48.490883646Z,2026-08-26T12:39:58.500153808Z,1024,104,0.101562,206.52,102.37,0
533,2026-08-26T12:39:59.502968616Z,2026-08-26T12:40:09.511970761Z,1024,97,0.094727,206.01,102.38,0
534,2026-08-26T12:40:10.515171596Z,2026-08-26T12:40:20.524065887Z,1024,96,0.093750,205.94,102.38,0
535,2026-08-26T12:40:21.526917436Z,2026-08-26T12:40:31.536034529Z,1024,114,0.111328,207.24,102.38,0
536,2026-08-26T12:40:32.539063001Z,2026-08-26T12:40:42.548287578Z,1024,113,0.110352,207.17,102.38,0
537,2026-08-26T12:40:43.551648008Z,2026-08-26T12:40:53.560020034Z,1024,105,0.102539,206.59,102.39,0
538,2026-08-26T12:40:54.562911124Z,2026-08-26T12:41:04.571656230Z,1024,104,0.101562,206.52,102.39,0
539,2026-08-26T12:41:05.574844882Z,2026-08-26T12:41:15.583980115Z,1024,108,0.105469,206.8,102.38,0
540,2026-08-26T12:41:16.587069680Z,2026-08-26T12:41:26.596379423Z,1024,90,0.087891,205.5,102.37,0
541,2026-08-26T12:41:27.600141557Z,2026-08-26T12:41:37.609080264Z,1024,97,0.094727,206.01,102.38,0
542,2026-08-26T12:41:38.612240057Z,2026-08-26T12:41:48.623616868Z,1024,117,0.114258,207.46,102.38,0
543,2026-08-26T12:41:49.626862254Z,2026-08-26T12:41:59.634966898Z,1024,110,0.107422,206.95,102.39,0
544,2026-08-26T12:42:00.637869941Z,2026-08-26T12:42:10.646033740Z,1024,99,0.096680,206.15,102.39,0
545,2026-08-26T12:42:11.648923507Z,2026-08-26T12:42:21.657614462Z,1024,102,0.099609,206.37,102.38,0
546,2026-08-26T12:42:22.660477668Z,2026-08-26T12:42:32.670149613Z,1024,106,0.103516,206.66,102.38,0
547,2026-08-26T12:42:33.674021332Z,2026-08-26T12:42:43.687561470Z,1024,114,0.111328,207.24,102.39,0
548,2026-08-26T12:42:44.690613888Z,2026-08-26T12:42:54.699051437Z,1024,100,0.097656,206.23,102.38,0
549,2026-08-26T12:42:55.702233164Z,2026-08-26T12:43:05.710859071Z,1024,114,0.111328,207.24,102.39,0
550,2026-08-26T12:43:06.713784055Z,2026-08-26T12:43:16.722813004Z,1024,92,0.089844,205.65,102.38,0
551,2026-08-26T12:43:17.725874574Z,2026-08-26T12:43:27.735245604Z,1024,98,0.095703,206.08,102.38,0
552,2026-08-26T12:43:28.738278460Z,2026-08-26T12:43:38.746838797Z,1024,101,0.098633,206.3,102.38,0
553,2026-08-26T12:43:39.749815811Z,2026-08-26T12:43:49.758922551Z,1024,106,0.103516,206.66,102.38,0
554,2026-08-26T12:43:50.762088930Z,2026-08-26T12:44:00.771995452Z,1024,104,0.101562,206.52,102.38,0
555,2026-08-26T12:44:01.775147285Z,2026-08-26T12:44:11.784912048Z,1024,88,0.085938,205.36,102.37,0
556,2026-08-26T12:44:12.787806286Z,2026-08-26T12:44:22.796772211Z,1024,110,0.107422,206.95,102.38,0
557,2026-08-26T12:44:23.799801378Z,2026-08-26T12:44:33.808075825Z,1024,89,0.086914,205.43,102.38,0
558,2026-08-26T12:44:34.810951133Z,2026-08-26T12:44:44.818949079Z,1024,105,0.102539,206.59,102.39,0
559,2026-08-26T12:44:45.821900517Z,2026-08-26T12:44:55.830230407Z,1024,104,0.101562,206.52,102.38,0
560,2026-08-26T12:44:56.833050374Z,2026-08-26T12:45:06.842383556Z,1024,97,0.094727,206.01,102.38,0
561,2026-08-26T12:45:07.845276622Z,2026-08-26T12:45:17.854247409Z,1024,116,0.113281,207.38,102.38,0
562,2026-08-26T12:45:18.857126257Z,2026-08-26T12:45:28.866592306Z,1024,102,0.099609,206.37,102.37,0
563,2026-08-26T12:45:29.869675615Z,2026-08-26T12:45:39.878062822Z,1024,98,0.095703,206.08,102.38,0
564,2026-08-26T12:45:40.881076526Z,2026-08-26T12:45:50.890631314Z,1024,95,0.092773,205.87,102.38,0
565,2026-08-26T12:45:51.893605931Z,2026-08-26T12:46:01.902553780Z,1024,94,0.091797,205.79,102.37,0
566,2026-08-26T12:46:02.905311560Z,2026-08-26T12:46:12.914678376Z,1024,96,0.093750,205.94,102.37,0
567,2026-08-26T12:46:13.917562782Z,2026-08-26T12:46:23.925565961Z,1024,87,0.084961,205.29,102.39,0
568,2026-08-26T12:46:24.928628844Z,2026-08-26T12:46:34.937585067Z,1024,90,0.087891,205.5,102.38,0
569,2026-08-26T12:46:35.940600484Z,2026-08-26T12:46:45.950887200Z,1024,103,0.100586,206.44,102.37,0
570,2026-08-26T12:46:46.953687456Z,2026-08-26T12:46:56.962518500Z,1024,119,0.116211,207.6,102.38,0
571,2026-08-26T12:46:57.965500897Z,2026-08-26T12:47:07.975504393Z,1024,104,0.101562,206.52,102.37,0
572,2026-08-26T12:47:08.978822753Z,2026-08-26T12:47:18.987662189Z,1024,99,0.096680,206.15,102.38,0
573,2026-08-26T12:47:19.990584646Z,2026-08-26T12:47:30.001203245Z,1024,105,0.102539,206.59,102.37,0
574,2026-08-26T12:47:31.004499045Z,2026-08-26T12:47:41.014367339Z,1024,107,0.104492,206.73,102.38,0
575,2026-08-26T12:47:42.017567291Z,2026-08-26T12:47:52.026834557Z,1024,91,0.088867,205.58,102.37,0
576,2026-08-26T12:47:53.029684965Z,2026-08-26T12:48:03.038875813Z,1024,99,0.096680,206.15,102.38,0
577,2026-08-26T12:48:04.041877857Z,2026-08-26T12:48:14.051243768Z,1024,116,0.113281,207.38,102.38,0
578,2026-08-26T12:48:15.054291015Z,2026-08-26T12:48:25.064191786Z,1024,115,0.112305,207.31,102.38,0
579,2026-08-26T12:48:26.067277035Z,2026-08-26T12:48:36.076075873Z,1024,88,0.085938,205.36,102.38,0
580,2026-08-26T12:48:37.079153599Z,2026-08-26T12:48:47.088119270Z,1024,114,0.111328,207.24,102.38,0
581,2026-08-26T12:48:48.091311557Z,2026-08-26T12:48:58.099959552Z,1024,106,0.103516,206.66,102.38,0
582,2026-08-26T12:48:59.103031235Z,2026-08-26T12:49:09.111437741Z,1024,93,0.090820,205.72,102.39,0
583,2026-08-26T12:49:10.114210179Z,2026-08-26T12:49:20.123091436Z,1024,106,0.103516,206.66,102.38,0
584,2026-08-26T12:49:21.126695043Z,2026-08-26T12:49:31.135966091Z,1024,81,0.079102,204.85,102.38,0
585,2026-08-26T12:49:32.138866129Z,2026-08-26T12:49:42.148993896Z,1024,118,0.115234,207.53,102.37,0
586,2026-08-26T12:49:43.152159232Z,2026-08-26T12:49:53.160504970Z,1024,90,0.087891,205.5,102.38,0
587,2026-08-26T12:49:54.163812121Z,2026-08-26T12:50:04.173106179Z,1024,109,0.106445,206.88,102.38,0
588,2026-08-26T12:50:05.176003049Z,2026-08-26T12:50:15.184045117Z,1024,88,0.085938,205.36,102.39,0
589,2026-08-26T12:50:16.187157021Z,2026-08-26T12:50:26.196939293Z,1024,96,0.093750,205.94,102.37,0
590,2026-08-26T12:50:27.199945984Z,2026-08-26T12:50:37.207687965Z,1024,107,0.104492,206.73,102.39,0
591,2026-08-26T12:50:38.210961723Z,2026-08-26T12:50:48.219810000Z,1024,114,0.111328,207.24,102.38,0
592,2026-08-26T12:50:49.222470878Z,2026-08-26T12:50:59.232949266Z,1024,93,0.090820,205.72,102.38,0
593,2026-08-26T12:51:00.236116460Z,2026-08-26T12:51:10.245223737Z,1024,114,0.111328,207.24,102.38,0
594,2026-08-26T12:51:11.248186513Z,2026-08-26T12:51:21.257825446Z,1024,104,0.101562,206.52,102.38,0
595,2026-08-26T12:51:22.261546006Z,2026-08-26T12:51:32.271246831Z,1024,90,0.087891,205.5,102.38,0
596,2026-08-26T12:51:33.274101365Z,2026-08-26T12:51:43.282980663Z,1024,95,0.092773,205.87,102.38,0
597,2026-08-26T12:51:44.286100669Z,2026-08-26T12:51:54.295603864Z,1024,102,0.099609,206.37,102.37,0
598,2026-08-26T12:51:55.298786562Z,2026-08-26T12:52:05.309085855Z,1024,99,0.096680,206.15,102.37,0
599,2026-08-26T12:52:06.312267153Z,2026-08-26T12:52:16.320943760Z,1024,109,0.106445,206.88,102.38,0
600,2026-08-26T12:52:17.324072217Z,2026-08-26T12:52:27.332351060Z,1024,100,0.097656,206.23,102.38,0
601,2026-08-26T12:52:28.335297233Z,2026-08-26T12:52:38.343616748Z,1024,91,0.088867,205.58,102.39,0
602,2026-08-26T12:52:39.346555271Z,2026-08-26T12:52:49.357027616Z,1024,113,0.110352,207.17,102.37,0
603,2026-08-26T12:52:50.360054122Z,2026-08-26T12:53:00.368382915Z,1024,108,0.105469,206.8,102.38,0
604,2026-08-26T12:53:01.371443306Z,2026-08-26T12:53:11.380268289Z,1024,97,0.094727,206.01,102.38,0
605,2026-08-26T12:53:12.383055549Z,2026-08-26T12:53:22.391995160Z,1024,99,0.096680,206.15,102.38,0
606,2026-08-26T12:53:23.394920092Z,2026-08-26T12:53:33.403609328Z,1024,121,0.118164,207.74,102.38,0
607,2026-08-26T12:53:34.407145894Z,2026-08-26T12:53:44.415983172Z,1024,103,0.100586,206.44,102.38,0
608,2026-08-26T12:53:45.418886390Z,2026-08-26T12:53:55.427630546Z,1024,101,0.098633,206.3,102.39,0
609,2026-08-26T12:53:56.430790381Z,2026-08-26T12:54:06.439578749Z,1024,113,0.110352,207.17,102.38,0
610,2026-08-26T12:54:07.442412282Z,2026-08-26T12:54:17.452426069Z,1024,107,0.104492,206.73,102.36,0
611,2026-08-26T12:54:18.455810223Z,2026-08-26T12:54:28.464551401Z,1024,93,0.090820,205.72,102.38,0
612,2026-08-26T12:54:29.467445793Z,2026-08-26T12:54:39.475518485Z,1024,93,0.090820,205.72,102.39,0
613,2026-08-26T12:54:40.478428819Z,2026-08-26T12:54:50.488450320Z,1024,97,0.094727,206.01,102.37,0
614,2026-08-26T12:54:51.491450727Z,2026-08-26T12:55:01.499862457Z,1024,111,0.108398,207.02,102.38,0
615,2026-08-26T12:55:02.503641448Z,2026-08-26T12:55:12.513832968Z,1024,96,0.093750,205.94,102.38,0
616,2026-08-26T12:55:13.516704942Z,2026-08-26T12:55:23.526150776Z,1024,99,0.096680,206.15,102.37,0
617,2026-08-26T12:55:24.529319652Z,2026-08-26T12:55:34.537693908Z,1024,93,0.090820,205.72,102.38,0
618,2026-08-26T12:55:35.540325305Z,2026-08-26T12:55:45.550835902Z,1024,116,0.113281,207.38,102.36,0
619,2026-08-26T12:55:46.553915575Z,2026-08-26T12:55:56.563153517Z,1024,89,0.086914,205.43,102.38,0
620,2026-08-26T12:55:57.566327654Z,2026-08-26T12:56:07.575662492Z,1024,111,0.108398,207.02,102.38,0
621,2026-08-26T12:56:08.578846920Z,2026-08-26T12:56:18.588906878Z,1024,101,0.098633,206.3,102.37,0
622,2026-08-26T12:56:19.592099564Z,2026-08-26T12:56:29.601008072Z,1024,89,0.086914,205.43,102.38,0
623,2026-08-26T12:56:30.603881365Z,2026-08-26T12:56:40.614496288Z,1024,82,0.080078,204.93,102.37,0
624,2026-08-26T12:56:41.617367880Z,2026-08-26T12:56:51.626956793Z,1024,88,0.085938,205.36,102.37,0
625,2026-08-26T12:56:52.629886594Z,2026-08-26T12:57:02.638770122Z,1024,106,0.103516,206.66,102.38,0
626,2026-08-26T12:57:03.642081759Z,2026-08-26T12:57:13.652115876Z,1024,104,0.101562,206.52,102.37,0
627,2026-08-26T12:57:14.655181465Z,2026-08-26T12:57:24.665029007Z,1024,104,0.101562,206.52,102.37,0
628,2026-08-26T12:57:25.668133444Z,2026-08-26T12:57:35.677200982Z,1024,104,0.101562,206.52,102.38,0
629,2026-08-26T12:57:36.680042459Z,2026-08-26T12:57:46.688400124Z,1024,95,0.092773,205.87,102.39,0
630,2026-08-26T12:57:47.691418138Z,2026-08-26T12:57:57.700997387Z,1024,93,0.090820,205.72,102.37,0
631,2026-08-26T12:57:58.703691143Z,2026-08-26T12:58:08.712977119Z,1024,107,0.104492,206.73,102.37,0
632,2026-08-26T12:58:09.716294501Z,2026-08-26T12:58:19.724413038Z,1024,78,0.076172,204.64,102.39,0
633,2026-08-26T12:58:20.727617770Z,2026-08-26T12:58:30.736697941Z,1024,96,0.093750,205.94,102.38,0
634,2026-08-26T12:58:31.740036521Z,2026-08-26T12:58:41.748106759Z,1024,106,0.103516,206.66,102.39,0
635,2026-08-26T12:58:42.751008157Z,2026-08-26T12:58:52.759996444Z,1024,102,0.099609,206.37,102.38,0
636,2026-08-26T12:58:53.763066845Z,2026-08-26T12:59:03.771356048Z,1024,113,0.110352,207.17,102.38,0
637,2026-08-26T12:59:04.774301939Z,2026-08-26T12:59:14.782460955Z,1024,90,0.087891,205.5,102.39,0
638,2026-08-26T12:59:15.785433335Z,2026-08-26T12:59:25.794358859Z,1024,97,0.094727,206.01,102.38,0
639,2026-08-26T12:59:26.797075753Z,2026-08-26T12:59:36.806055008Z,1024,107,0.104492,206.73,102.38,0
640,2026-08-26T12:59:37.809261341Z,2026-08-26T12:59:47.819367057Z,1024,108,0.105469,206.8,102.38,0
641,2026-08-26T12:59:48.822207127Z,2026-08-26T12:59:58.831199467Z,1024,98,0.095703,206.08,102.38,0
642,2026-08-26T12:59:59.834157541Z,2026-08-26T13:00:09.843073549Z,1024,111,0.108398,207.02,102.38,0
643,2026-08-26T13:00:10.846033474Z,2026-08-26T13:00:20.855331349Z,1024,101,0.098633,206.3,102.37,0
644,2026-08-26T13:00:21.858654783Z,2026-08-26T13:00:31.867273557Z,1024,103,0.100586,206.44,102.38,0
645,2026-08-26T13:00:32.870081106Z,2026-08-26T13:00:42.879832087Z,1024,106,0.103516,206.66,102.37,0
646,2026-08-26T13:00:43.882836633Z,2026-08-26T13:00:53.891155197Z,1024,97,0.094727,206.01,102.38,0
647,2026-08-26T13:00:54.894307013Z,2026-08-26T13:01:04.904669228Z,1024,107,0.104492,206.73,102.36,0
648,2026-08-26T13:01:05.907583294Z,2026-08-26T13:01:15.916872614Z,1024,109,0.106445,206.88,102.37,0
649,2026-08-26T13:01:16.919684208Z,2026-08-26T13:01:26.928254226Z,1024,109,0.106445,206.88,102.38,0
650,2026-08-26T13:01:27.931120161Z,2026-08-26T13:01:37.939902355Z,1024,97,0.094727,206.01,102.38,0
651,2026-08-26T13:01:38.943321041Z,2026-08-26T13:01:48.952098876Z,1024,98,0.095703,206.08,102.38,0
652,2026-08-26T13:01:49.954817621Z,2026-08-26T13:01:59.964143960Z,1024,92,0.089844,205.65,102.38,0
653,2026-08-26T13:02:00.967360131Z,2026-08-26T13:02:10.975877198Z,1024,109,0.106445,206.88,102.39,0
654,2026-08-26T13:02:11.978967514Z,2026-08-26T13:02:21.988564800Z,1024,111,0.108398,207.02,102.37,0
655,2026-08-26T13:02:22.991823132Z,2026-08-26T13:02:33.002199700Z,1024,84,0.082031,205.07,102.38,0
656,2026-08-26T13:02:34.003932703Z,2026-08-26T13:02:44.012774912Z,1024,114,0.111328,207.24,102.38,0
657,2026-08-26T13:02:45.015866384Z,2026-08-26T13:02:55.025693396Z,1024,94,0.091797,205.79,102.37,0
658,2026-08-26T13:02:56.030144999Z,2026-08-26T13:03:06.042740941Z,1024,88,0.085938,205.36,102.37,0
659,2026-08-26T13:03:07.045839339Z,2026-08-26T13:03:17.054639891Z,1024,112,0.109375,207.09,102.38,0
660,2026-08-26T13:03:18.057795436Z,2026-08-26T13:03:28.067589489Z,1024,98,0.095703,206.08,102.37,0
661,2026-08-26T13:03:29.071025238Z,2026-08-26T13:03:39.081344196Z,1024,97,0.094727,206.01,102.37,0
662,2026-08-26T13:03:40.084344213Z,2026-08-26T13:03:50.092708226Z,1024,95,0.092773,205.87,102.39,0
663,2026-08-26T13:03:51.096145856Z,2026-08-26T13:04:01.107254928Z,1024,96,0.093750,205.94,102.37,0
664,2026-08-26T13:04:02.110603618Z,2026-08-26T13:04:12.120802821Z,1024,109,0.106445,206.88,102.37,0
665,2026-08-26T13:04:13.123574537Z,2026-08-26T13:04:23.132852127Z,1024,98,0.095703,206.08,102.38,0
666,2026-08-26T13:04:24.135764668Z,2026-08-26T13:04:34.143372908Z,1024,97,0.094727,206.01,102.39,0
667,2026-08-26T13:04:35.146054729Z,2026-08-26T13:04:45.154388642Z,1024,111,0.108398,207.02,102.38,0
668,2026-08-26T13:04:46.157348080Z,2026-08-26T13:04:56.166907743Z,1024,106,0.103516,206.66,102.38,0
669,2026-08-26T13:04:57.169822762Z,2026-08-26T13:05:07.178185120Z,1024,94,0.091797,205.79,102.38,0
670,2026-08-26T13:05:08.181200180Z,2026-08-26T13:05:18.189573711Z,1024,110,0.107422,206.95,102.39,0
671,2026-08-26T13:05:19.192890897Z,2026-08-26T13:05:29.201366013Z,1024,116,0.113281,207.38,102.38,0
672,2026-08-26T13:05:30.204356961Z,2026-08-26T13:05:40.212512176Z,1024,95,0.092773,205.87,102.39,0
673,2026-08-26T13:05:41.215285398Z,2026-08-26T13:05:51.223675427Z,1024,110,0.107422,206.95,102.38,0
674,2026-08-26T13:05:52.226811178Z,2026-08-26T13:06:02.236338382Z,1024,117,0.114258,207.46,102.37,0
675,2026-08-26T13:06:03.239585714Z,2026-08-26T13:06:13.248741090Z,1024,101,0.098633,206.3,102.37,0
676,2026-08-26T13:06:14.251877982Z,2026-08-26T13:06:24.262212780Z,1024,113,0.110352,207.17,102.38,0
677,2026-08-26T13:06:25.265308879Z,2026-08-26T13:06:35.275652365Z,1024,94,0.091797,205.79,102.37,0
678,2026-08-26T13:06:36.278410709Z,2026-08-26T13:06:46.287311980Z,1024,91,0.088867,205.58,102.38,0
679,2026-08-26T13:06:47.290924567Z,2026-08-26T13:06:57.302681014Z,1024,110,0.107422,206.95,102.37,0
680,2026-08-26T13:06:58.306480009Z,2026-08-26T13:07:08.314915763Z,1024,108,0.105469,206.8,102.38,0
681,2026-08-26T13:07:09.317702266Z,2026-08-26T13:07:19.328641434Z,1024,110,0.107422,206.95,102.38,0
682,2026-08-26T13:07:20.332312153Z,2026-08-26T13:07:30.340568535Z,1024,89,0.086914,205.43,102.38,0
683,2026-08-26T13:07:31.343281627Z,2026-08-26T13:07:41.352276287Z,1024,90,0.087891,205.5,102.38,0
684,2026-08-26T13:07:42.355208952Z,2026-08-26T13:07:52.364052704Z,1024,120,0.117188,207.67,102.38,0
685,2026-08-26T13:07:53.366813720Z,2026-08-26T13:08:03.375899860Z,1024,93,0.090820,205.72,102.38,0
686,2026-08-26T13:08:04.378901186Z,2026-08-26T13:08:14.388339573Z,1024,101,0.098633,206.3,102.38,0
687,2026-08-26T13:08:15.391564981Z,2026-08-26T13:08:25.401140294Z,1024,102,0.099609,206.37,102.37,0
688,2026-08-26T13:08:26.404045650Z,2026-08-26T13:08:36.412691734Z,1024,117,0.114258,207.46,102.38,0
689,2026-08-26T13:08:37.415490162Z,2026-08-26T13:08:47.425271885Z,1024,89,0.086914,205.43,102.38,0
690,2026-08-26T13:08:48.428151536Z,2026-08-26T13:08:58.437776864Z,1024,99,0.096680,206.15,102.37,0
691,2026-08-26T13:08:59.440659557Z,2026-08-26T13:09:09.449841907Z,1024,111,0.108398,207.02,102.37,0
692,2026-08-26T13:09:10.452788702Z,2026-08-26T13:09:20.461945459Z,1024,83,0.081055,205.0,102.37,0
693,2026-08-26T13:09:21.464824544Z,2026-08-26T13:09:31.472265350Z,1024,113,0.110352,207.17,102.39,0
694,2026-08-26T13:09:32.475025927Z,2026-08-26T13:09:42.484151531Z,1024,110,0.107422,206.95,102.38,0
695,2026-08-26T13:09:43.487113209Z,2026-08-26T13:09:53.496180423Z,1024,100,0.097656,206.23,102.38,0
696,2026-08-26T13:09:54.499019186Z,2026-08-26T13:10:04.508783124Z,1024,115,0.112305,207.31,102.37,0
697,2026-08-26T13:10:05.512058387Z,2026-08-26T13:10:15.521613284Z,1024,100,0.097656,206.23,102.38,0
698,2026-08-26T13:10:16.525038995Z,2026-08-26T13:10:26.533980362Z,1024,98,0.095703,206.08,102.38,0
699,2026-08-26T13:10:27.537020123Z,2026-08-26T13:10:37.545174610Z,1024,109,0.106445,206.88,102.38,0
700,2026-08-26T13:10:38.548128707Z,2026-08-26T13:10:48.558448263Z,1024,106,0.103516,206.66,102.36,0
701,2026-08-26T13:10:49.561268606Z,2026-08-26T13:10:59.569632085Z,1024,101,0.098633,206.3,102.38,0
702,2026-08-26T13:11:00.572570288Z,2026-08-26T13:11:10.580906440Z,1024,95,0.092773,205.87,102.39,0
703,2026-08-26T13:11:11.583899494Z,2026-08-26T13:11:21.592987883Z,1024,96,0.093750,205.94,102.38,0
704,2026-08-26T13:11:22.595613156Z,2026-08-26T13:11:32.604168593Z,1024,99,0.096680,206.15,102.38,0
705,2026-08-26T13:11:33.607047620Z,2026-08-26T13:11:43.616005470Z,1024,114,0.111328,207.24,102.38,0
706,2026-08-26T13:11:44.619170999Z,2026-08-26T13:11:54.630424094Z,1024,117,0.114258,207.46,102.35,0
707,2026-08-26T13:11:55.633325815Z,2026-08-26T13:12:05.642950248Z,1024,111,0.108398,207.02,102.37,0
708,2026-08-26T13:12:06.645956067Z,2026-08-26T13:12:16.654978448Z,1024,110,0.107422,206.95,102.38,0
709,2026-08-26T13:12:17.657672413Z,2026-08-26T13:12:27.666481985Z,1024,115,0.112305,207.31,102.38,0
710,2026-08-26T13:12:28.669506596Z,2026-08-26T13:12:38.680050165Z,1024,110,0.107422,206.95,102.38,0
711,2026-08-26T13:12:39.683097393Z,2026-08-26T13:12:49.691540788Z,1024,101,0.098633,206.3,102.38,0
712,2026-08-26T13:12:50.694664483Z,2026-08-26T13:13:00.702433217Z,1024,95,0.092773,205.87,102.39,0
713,2026-08-26T13:13:01.705282102Z,2026-08-26T13:13:11.714810841Z,1024,104,0.101562,206.52,102.38,0
714,2026-08-26T13:13:12.718783163Z,2026-08-26T13:13:22.726599438Z,1024,105,0.102539,206.59,102.39,0
715,2026-08-26T13:13:23.729526736Z,2026-08-26T13:13:33.738961621Z,1024,96,0.093750,205.94,102.37,0
716,2026-08-26T13:13:34.741909302Z,2026-08-26T13:13:44.751107681Z,1024,104,0.101562,206.52,102.37,0
717,2026-08-26T13:13:45.754301907Z,2026-08-26T13:13:55.763055188Z,1024,92,0.089844,205.65,102.39,0
718,2026-08-26T13:13:56.765587894Z,2026-08-26T13:14:06.773611690Z,1024,101,0.098633,206.3,102.39,0
719,2026-08-26T13:14:07.776504235Z,2026-08-26T13:14:17.784873298Z,1024,105,0.102539,206.59,102.38,0
720,2026-08-26T13:14:18.787571755Z,2026-08-26T13:14:28.796612565Z,1024,100,0.097656,206.23,102.38,0
721,2026-08-26T13:14:29.799506720Z,2026-08-26T13:14:39.807631773Z,1024,98,0.095703,206.08,102.38,0
722,2026-08-26T13:14:40.810940249Z,2026-08-26T13:14:50.820730819Z,1024,111,0.108398,207.02,102.37,0
723,2026-08-26T13:14:51.823571305Z,2026-08-26T13:15:01.832581572Z,1024,114,0.111328,207.24,102.38,0
724,2026-08-26T13:15:02.835566459Z,2026-08-26T13:15:12.843786840Z,1024,100,0.097656,206.23,102.39,0
725,2026-08-26T13:15:13.846452297Z,2026-08-26T13:15:23.854342577Z,1024,110,0.107422,206.95,102.39,0
726,2026-08-26T13:15:24.857555542Z,2026-08-26T13:15:34.866006365Z,1024,113,0.110352,207.17,102.38,0
727,2026-08-26T13:15:35.868871876Z,2026-08-26T13:15:45.877871203Z,1024,102,0.099609,206.37,102.38,0
728,2026-08-26T13:15:46.880592573Z,2026-08-26T13:15:56.888447119Z,1024,103,0.100586,206.44,102.39,0
729,2026-08-26T13:15:57.891225550Z,2026-08-26T13:16:07.901369897Z,1024,95,0.092773,205.87,102.39,0
730,2026-08-26T13:16:08.904378555Z,2026-08-26T13:16:18.913389805Z,1024,93,0.090820,205.72,102.38,0
731,2026-08-26T13:16:19.916160736Z,2026-08-26T13:16:29.923952595Z,1024,96,0.093750,205.94,102.39,0
732,2026-08-26T13:16:30.926837755Z,2026-08-26T13:16:40.936541180Z,1024,115,0.112305,207.31,102.37,0
733,2026-08-26T13:16:41.939459213Z,2026-08-26T13:16:51.949190744Z,1024,114,0.111328,207.24,102.37,0
734,2026-08-26T13:16:52.952137858Z,2026-08-26T13:17:02.960951325Z,1024,105,0.102539,206.59,102.38,0
735,2026-08-26T13:17:03.963746371Z,2026-08-26T13:17:13.971984803Z,1024,118,0.115234,207.53,102.38,0
736,2026-08-26T13:17:14.975003987Z,2026-08-26T13:17:24.983257129Z,1024,100,0.097656,206.23,102.38,0
737,2026-08-26T13:17:25.986222667Z,2026-08-26T13:17:35.994913032Z,1024,110,0.107422,206.95,102.38,0
738,2026-08-26T13:17:36.997633970Z,2026-08-26T13:17:47.007203853Z,1024,99,0.096680,206.15,102.38,0
739,2026-08-26T13:17:48.009875994Z,2026-08-26T13:17:58.019271764Z,1024,111,0.108398,207.02,102.38,0
740,2026-08-26T13:17:59.022362159Z,2026-08-26T13:18:09.031880253Z,1024,102,0.099609,206.37,102.37,0
741,2026-08-26T13:18:10.034855002Z,2026-08-26T13:18:20.044036220Z,1024,93,0.090820,205.72,102.38,0
742,2026-08-26T13:18:21.047053887Z,2026-08-26T13:18:31.056637181Z,1024,111,0.108398,207.02,102.38,0
743,2026-08-26T13:18:32.060007413Z,2026-08-26T13:18:42.068158125Z,1024,107,0.104492,206.73,102.39,0
744,2026-08-26T13:18:43.071250307Z,2026-08-26T13:18:53.080205988Z,1024,87,0.084961,205.29,102.38,0
745,2026-08-26T13:18:54.083162745Z,2026-08-26T13:19:04.092182236Z,1024,102,0.099609,206.37,102.38,0
746,2026-08-26T13:19:05.095065678Z,2026-08-26T13:19:15.105192676Z,1024,98,0.095703,206.08,102.38,0
747,2026-08-26T13:19:16.107911680Z,2026-08-26T13:19:26.116807922Z,1024,90,0.087891,205.5,102.38,0
748,2026-08-26T13:19:27.119541545Z,2026-08-26T13:19:37.128185799Z,1024,114,0.111328,207.24,102.38,0
749,2026-08-26T13:19:38.130832300Z,2026-08-26T13:19:48.139410603Z,1024,87,0.084961,205.29,102.38,0
750,2026-08-26T13:19:49.142090908Z,2026-08-26T13:19:59.149861972Z,1024,92,0.089844,205.65,102.39,0
751,2026-08-26T13:20:00.152556017Z,2026-08-26T13:20:10.161514654Z,1024,98,0.095703,206.08,102.38,0
752,2026-08-26T13:20:11.164149860Z,2026-08-26T13:20:21.172546528Z,1024,114,0.111328,207.24,102.38,0
753,2026-08-26T13:20:22.175434724Z,2026-08-26T13:20:32.183901605Z,1024,98,0.095703,206.08,102.38,0
754,2026-08-26T13:20:33.186818851Z,2026-08-26T13:20:43.195185066Z,1024,93,0.090820,205.72,102.38,0
755,2026-08-26T13:20:44.197864633Z,2026-08-26T13:20:54.205797363Z,1024,91,0.088867,205.58,102.39,0
756,2026-08-26T13:20:55.208915336Z,2026-08-26T13:21:05.221564819Z,1024,112,0.109375,207.09,102.37,0
757,2026-08-26T13:21:06.224575521Z,2026-08-26T13:21:16.238682869Z,1024,106,0.103516,206.66,102.38,0
758,2026-08-26T13:21:17.241508689Z,2026-08-26T13:21:27.250225017Z,1024,98,0.095703,206.08,102.38,0
759,2026-08-26T13:21:28.253086825Z,2026-08-26T13:21:38.262901880Z,1024,102,0.099609,206.37,102.37,0
760,2026-08-26T13:21:39.265672551Z,2026-08-26T13:21:49.273819653Z,1024,104,0.101562,206.52,102.38,0
761,2026-08-26T13:21:50.276854155Z,2026-08-26T13:22:00.285060340Z,1024,103,0.100586,206.44,102.39,0
762,2026-08-26T13:22:01.288072892Z,2026-08-26T13:22:11.296559533Z,1024,104,0.101562,206.52,102.39,0
763,2026-08-26T13:22:12.299642601Z,2026-08-26T13:22:22.310532923Z,1024,97,0.094727,206.01,102.39,0
764,2026-08-26T13:22:23.313555654Z,2026-08-26T13:22:33.321698716Z,1024,95,0.092773,205.87,102.38,0
765,2026-08-26T13:22:34.324583641Z,2026-08-26T13:22:44.332778483Z,1024,114,0.111328,207.24,102.38,0
766,2026-08-26T13:22:45.335805646Z,2026-08-26T13:22:55.344428760Z,1024,109,0.106445,206.88,102.38,0
767,2026-08-26T13:22:56.347338653Z,2026-08-26T13:23:06.357414083Z,1024,88,0.085938,205.36,102.36,0
768,2026-08-26T13:23:07.360169794Z,2026-08-26T13:23:17.369163745Z,1024,91,0.088867,205.58,102.38,0
769,2026-08-26T13:23:18.372049845Z,2026-08-26T13:23:28.380240153Z,1024,106,0.103516,206.66,102.38,0
770,2026-08-26T13:23:29.383391814Z,2026-08-26T13:23:39.391224434Z,1024,108,0.105469,206.8,102.39,0
771,2026-08-26T13:23:40.394071495Z,2026-08-26T13:23:50.403086175Z,1024,93,0.090820,205.72,102.38,0
772,2026-08-26T13:23:51.406102708Z,2026-08-26T13:24:01.414894336Z,1024,100,0.097656,206.23,102.38,0
773,2026-08-26T13:24:02.417696431Z,2026-08-26T13:24:12.426917926Z,1024,95,0.092773,205.87,102.38,0
774,2026-08-26T13:24:13.429890881Z,2026-08-26T13:24:23.439625597Z,1024,99,0.096680,206.15,102.37,0
775,2026-08-26T13:24:24.442693863Z,2026-08-26T13:24:34.450919827Z,1024,99,0.096680,206.15,102.38,0
776,2026-08-26T13:24:35.453783664Z,2026-08-26T13:24:45.461365408Z,1024,99,0.096680,206.15,102.39,0
777,2026-08-26T13:24:46.464203777Z,2026-08-26T13:24:56.473183853Z,1024,118,0.115234,207.53,102.38,0
778,2026-08-26T13:24:57.476220390Z,2026-08-26T13:25:07.485150362Z,1024,105,0.102539,206.59,102.38,0
779,2026-08-26T13:25:08.488042617Z,2026-08-26T13:25:18.496154324Z,1024,91,0.088867,205.58,102.38,0
780,2026-08-26T13:25:19.499779026Z,2026-08-26T13:25:29.507554259Z,1024,105,0.102539,206.59,102.39,0
781,2026-08-26T13:25:30.510472951Z,2026-08-26T13:25:40.520476361Z,1024,95,0.092773,205.87,102.37,0
782,2026-08-26T13:25:41.523260289Z,2026-08-26T13:25:51.531555021Z,1024,99,0.096680,206.15,102.39,0
783,2026-08-26T13:25:52.534289547Z,2026-08-26T13:26:02.542620804Z,1024,94,0.091797,205.79,102.38,0
784,2026-08-26T13:26:03.545545478Z,2026-08-26T13:26:13.554071038Z,1024,93,0.090820,205.72,102.38,0
785,2026-08-26T13:26:14.556847482Z,2026-08-26T13:26:24.565371933Z,1024,104,0.101562,206.52,102.38,0
786,2026-08-26T13:26:25.568053689Z,2026-08-26T13:26:35.577045889Z,1024,104,0.101562,206.52,102.38,0
787,2026-08-26T13:26:36.580175238Z,2026-08-26T13:26:46.589090642Z,1024,102,0.099609,206.37,102.38,0
788,2026-08-26T13:26:47.592085128Z,2026-08-26T13:26:57.600551158Z,1024,98,0.095703,206.08,102.38,0
789,2026-08-26T13:26:58.603545109Z,2026-08-26T13:27:08.616159321Z,1024,98,0.095703,206.08,102.36,0
790,2026-08-26T13:27:09.618979366Z,2026-08-26T13:27:19.626370624Z,1024,109,0.106445,206.88,102.39,0
791,2026-08-26T13:27:20.629166541Z,2026-08-26T13:27:30.637758593Z,1024,110,0.107422,206.95,102.38,0
792,2026-08-26T13:27:31.640867004Z,2026-08-26T13:27:41.648982737Z,1024,102,0.099609,206.37,102.38,0
793,2026-08-26T13:27:42.652067977Z,2026-08-26T13:27:52.660922358Z,1024,103,0.100586,206.44,102.38,0
794,2026-08-26T13:27:53.663658098Z,2026-08-26T13:28:03.674048773Z,1024,105,0.102539,206.59,102.38,0
795,2026-08-26T13:28:04.677293927Z,2026-08-26T13:28:14.685584195Z,1024,96,0.093750,205.94,102.38,0
796,2026-08-26T13:28:15.688490769Z,2026-08-26T13:28:25.698888227Z,1024,105,0.102539,206.59,102.37,0
797,2026-08-26T13:28:26.701921184Z,2026-08-26T13:28:36.709400090Z,1024,96,0.093750,205.94,102.39,0
798,2026-08-26T13:28:37.712811127Z,2026-08-26T13:28:47.722128760Z,1024,113,0.110352,207.17,102.37,0
799,2026-08-26T13:28:48.724917760Z,2026-08-26T13:28:58.734969608Z,1024,112,0.109375,207.09,102.37,0
800,2026-08-26T13:28:59.737835372Z,2026-08-26T13:29:09.747487541Z,1024,99,0.096680,206.15,102.38,0
801,2026-08-26T13:29:10.750618396Z,2026-08-26T13:29:20.760881486Z,1024,106,0.103516,206.66,102.37,0
802,2026-08-26T13:29:21.764027107Z,2026-08-26T13:29:31.773006005Z,1024,107,0.104492,206.73,102.38,0
803,2026-08-26T13:29:32.775891575Z,2026-08-26T13:29:42.784084857Z,1024,103,0.100586,206.44,102.38,0
804,2026-08-26T13:29:43.786678345Z,2026-08-26T13:29:53.796538943Z,1024,104,0.101562,206.52,102.37,0
805,2026-08-26T13:29:54.799346120Z,2026-08-26T13:30:04.809567130Z,1024,108,0.105469,206.8,102.39,0
806,2026-08-26T13:30:05.812525829Z,2026-08-26T13:30:15.821218744Z,1024,103,0.100586,206.44,102.38,0
807,2026-08-26T13:30:16.824053326Z,2026-08-26T13:30:26.832498934Z,1024,110,0.107422,206.95,102.38,0
808,2026-08-26T13:30:27.835404139Z,2026-08-26T13:30:37.844110834Z,1024,95,0.092773,205.87,102.38,0
809,2026-08-26T13:30:38.846924007Z,2026-08-26T13:30:48.856109880Z,1024,101,0.098633,206.3,102.38,0
810,2026-08-26T13:30:49.859085319Z,2026-08-26T13:30:59.867904743Z,1024,105,0.102539,206.59,102.38,0
811,2026-08-26T13:31:00.870781385Z,2026-08-26T13:31:10.886404125Z,1024,115,0.112305,207.31,102.37,0
812,2026-08-26T13:31:11.889487341Z,2026-08-26T13:31:21.900215617Z,1024,117,0.114258,207.46,102.38,0
813,2026-08-26T13:31:22.904684569Z,2026-08-26T13:31:32.917883444Z,1024,100,0.097656,206.23,102.37,0
814,2026-08-26T13:31:33.921159938Z,2026-08-26T13:31:43.933707285Z,1024,113,0.110352,207.17,102.38,0
815,2026-08-26T13:31:44.939421672Z,2026-08-26T13:31:54.954078659Z,1024,100,0.097656,206.23,102.38,0
816,2026-08-26T13:31:55.959322610Z,2026-08-26T13:32:05.973748555Z,1024,110,0.107422,206.95,102.38,0
817,2026-08-26T13:32:06.978389534Z,2026-08-26T13:32:16.990965236Z,1024,93,0.090820,205.72,102.37,0
818,2026-08-26T13:32:17.994780740Z,2026-08-26T13:32:28.008179476Z,1024,100,0.097656,206.23,102.37,0
819,2026-08-26T13:32:29.013150797Z,2026-08-26T13:32:39.030416642Z,1024,107,0.104492,206.73,102.39,0
820,2026-08-26T13:32:40.033384807Z,2026-08-26T13:32:50.043662699Z,1024,108,0.105469,206.8,102.37,0
821,2026-08-26T13:32:51.047058379Z,2026-08-26T13:33:01.056814309Z,1024,91,0.088867,205.58,102.38,0
822,2026-08-26T13:33:02.059907723Z,2026-08-26T13:33:12.068870363Z,1024,104,0.101562,206.52,102.38,0
823,2026-08-26T13:33:13.071521838Z,2026-08-26T13:33:23.080559145Z,1024,90,0.087891,205.5,102.38,0
824,2026-08-26T13:33:24.083583170Z,2026-08-26T13:33:34.091993777Z,1024,82,0.080078,204.93,102.38,0
825,2026-08-26T13:33:35.094703411Z,2026-08-26T13:33:45.104217849Z,1024,91,0.088867,205.58,102.38,0
826,2026-08-26T13:33:46.107043575Z,2026-08-26T13:33:56.116800891Z,1024,96,0.093750,205.94,102.38,0
827,2026-08-26T13:33:57.119563164Z,2026-08-26T13:34:07.129040246Z,1024,94,0.091797,205.79,102.37,0
828,2026-08-26T13:34:08.131886136Z,2026-08-26T13:34:18.140480716Z,1024,105,0.102539,206.59,102.38,0
829,2026-08-26T13:34:19.143522358Z,2026-08-26T13:34:29.151976806Z,1024,115,0.112305,207.31,102.38,0
830,2026-08-26T13:34:30.154674736Z,2026-08-26T13:34:40.163558779Z,1024,104,0.101562,206.52,102.38,0
831,2026-08-26T13:34:41.166507815Z,2026-08-26T13:34:51.175132579Z,1024,101,0.098633,206.3,102.38,0
832,2026-08-26T13:34:52.178310674Z,2026-08-26T13:35:02.187180865Z,1024,95,0.092773,205.87,102.38,0
833,2026-08-26T13:35:03.190155241Z,2026-08-26T13:35:13.200367908Z,1024,96,0.093750,205.94,102.38,0
834,2026-08-26T13:35:14.203183966Z,2026-08-26T13:35:24.212969853Z,1024,111,0.108398,207.02,102.37,0
835,2026-08-26T13:35:25.216548384Z,2026-08-26T13:35:35.225089972Z,1024,105,0.102539,206.59,102.38,0
836,2026-08-26T13:35:36.227902408Z,2026-08-26T13:35:46.237187857Z,1024,106,0.103516,206.66,102.38,0
837,2026-08-26T13:35:47.240117234Z,2026-08-26T13:35:57.249508832Z,1024,119,0.116211,207.6,102.38,0
838,2026-08-26T13:35:58.252573455Z,2026-08-26T13:36:08.260444498Z,1024,92,0.089844,205.65,102.39,0
839,2026-08-26T13:36:09.263430727Z,2026-08-26T13:36:19.271986035Z,1024,106,0.103516,206.66,102.38,0
840,2026-08-26T13:36:20.274953004Z,2026-08-26T13:36:30.283954900Z,1024,105,0.102539,206.59,102.38,0
841,2026-08-26T13:36:31.286648006Z,2026-08-26T13:36:41.296018985Z,1024,96,0.093750,205.94,102.38,0
842,2026-08-26T13:36:42.298981793Z,2026-08-26T13:36:52.309868317Z,1024,110,0.107422,206.95,102.38,0
843,2026-08-26T13:36:53.312774821Z,2026-08-26T13:37:03.321548682Z,1024,120,0.117188,207.67,102.38,0
844,2026-08-26T13:37:04.324376685Z,2026-08-26T13:37:14.333009203Z,1024,106,0.103516,206.66,102.38,0
845,2026-08-26T13:37:15.335686965Z,2026-08-26T13:37:25.343318598Z,1024,103,0.100586,206.44,102.39,0
846,2026-08-26T13:37:26.346263827Z,2026-08-26T13:37:36.355544740Z,1024,104,0.101562,206.52,102.37,0
847,2026-08-26T13:37:37.358888315Z,2026-08-26T13:37:47.367155331Z,1024,103,0.100586,206.44,102.38,0
848,2026-08-26T13:37:48.370323254Z,2026-08-26T13:37:58.378600924Z,1024,102,0.099609,206.37,102.38,0
849,2026-08-26T13:37:59.381356833Z,2026-08-26T13:38:09.390558042Z,1024,84,0.082031,205.07,102.38,0
850,2026-08-26T13:38:10.393895614Z,2026-08-26T13:38:20.402469062Z,1024,115,0.112305,207.31,102.38,0
851,2026-08-26T13:38:21.405520919Z,2026-08-26T13:38:31.413310879Z,1024,104,0.101562,206.52,102.39,0
852,2026-08-26T13:38:32.416039603Z,2026-08-26T13:38:42.424142647Z,1024,116,0.113281,207.38,102.38,0
853,2026-08-26T13:38:43.427315246Z,2026-08-26T13:38:53.436051877Z,1024,118,0.115234,207.53,102.38,0
854,2026-08-26T13:38:54.438808834Z,2026-08-26T13:39:04.447655719Z,1024,102,0.099609,206.37,102.38,0
855,2026-08-26T13:39:05.450895492Z,2026-08-26T13:39:15.459569153Z,1024,90,0.087891,205.5,102.38,0
856,2026-08-26T13:39:16.462296780Z,2026-08-26T13:39:26.473213026Z,1024,117,0.114258,207.46,102.38,0
857,2026-08-26T13:39:27.476084834Z,2026-08-26T13:39:37.483889732Z,1024,104,0.101562,206.52,102.39,0
858,2026-08-26T13:39:38.486820032Z,2026-08-26T13:39:48.495004437Z,1024,121,0.118164,207.74,102.38,0
859,2026-08-26T13:39:49.497990288Z,2026-08-26T13:39:59.506631868Z,1024,101,0.098633,206.3,102.38,0
860,2026-08-26T13:40:00.509601032Z,2026-08-26T13:40:10.517834657Z,1024,86,0.083984,205.21,102.39,0
861,2026-08-26T13:40:11.520681004Z,2026-08-26T13:40:21.530166854Z,1024,102,0.099609,206.37,102.38,0
862,2026-08-26T13:40:22.532982524Z,2026-08-26T13:40:32.541592011Z,1024,118,0.115234,207.53,102.39,0
863,2026-08-26T13:40:33.544462436Z,2026-08-26T13:40:43.554890217Z,1024,103,0.100586,206.44,102.37,0
864,2026-08-26T13:40:44.557892385Z,2026-08-26T13:40:54.566051576Z,1024,109,0.106445,206.88,102.38,0
865,2026-08-26T13:40:55.568631210Z,2026-08-26T13:41:05.578551529Z,1024,97,0.094727,206.01,102.39,0
866,2026-08-26T13:41:06.582065160Z,2026-08-26T13:41:16.591279454Z,1024,104,0.101562,206.52,102.38,0
867,2026-08-26T13:41:17.594125591Z,2026-08-26T13:41:27.601860564Z,1024,98,0.095703,206.08,102.39,0
868,2026-08-26T13:41:28.604867418Z,2026-08-26T13:41:38.614580503Z,1024,115,0.112305,207.31,102.39,0
869,2026-08-26T13:41:39.617597014Z,2026-08-26T13:41:49.626381769Z,1024,105,0.102539,206.59,102.38,0
870,2026-08-26T13:41:50.629391898Z,2026-08-26T13:42:00.637891084Z,1024,113,0.110352,207.17,102.38,0
871,2026-08-26T13:42:01.640775778Z,2026-08-26T13:42:11.649960876Z,1024,91,0.088867,205.58,102.38,0
872,2026-08-26T13:42:12.652783973Z,2026-08-26T13:42:22.662127465Z,1024,93,0.090820,205.72,102.38,0
873,2026-08-26T13:42:23.665265244Z,2026-08-26T13:42:33.675357470Z,1024,104,0.101562,206.52,102.38,0
874,2026-08-26T13:42:34.678675261Z,2026-08-26T13:42:44.686985589Z,1024,94,0.091797,205.79,102.38,0
875,2026-08-26T13:42:45.689943818Z,2026-08-26T13:42:55.698986281Z,1024,96,0.093750,205.94,102.38,0
876,2026-08-26T13:42:56.701989409Z,2026-08-26T13:43:06.711421505Z,1024,101,0.098633,206.3,102.37,0
877,2026-08-26T13:43:07.714414487Z,2026-08-26T13:43:17.722989404Z,1024,105,0.102539,206.59,102.38,0
878,2026-08-26T13:43:18.725868940Z,2026-08-26T13:43:28.734029483Z,1024,105,0.102539,206.59,102.39,0
879,2026-08-26T13:43:29.736918543Z,2026-08-26T13:43:39.745363974Z,1024,105,0.102539,206.59,102.38,0
880,2026-08-26T13:43:40.748584239Z,2026-08-26T13:43:50.757942948Z,1024,110,0.107422,206.95,102.38,0
881,2026-08-26T13:43:51.760966805Z,2026-08-26T13:44:01.769167121Z,1024,109,0.106445,206.88,102.39,0
882,2026-08-26T13:44:02.772168851Z,2026-08-26T13:44:12.780494608Z,1024,102,0.099609,206.37,102.38,0
883,2026-08-26T13:44:13.783293848Z,2026-08-26T13:44:23.791964388Z,1024,99,0.096680,206.15,102.38,0
884,2026-08-26T13:44:24.794904663Z,2026-08-26T13:44:34.804662410Z,1024,81,0.079102,204.85,102.37,0
885,2026-08-26T13:44:35.807285197Z,2026-08-26T13:44:45.817551287Z,1024,102,0.099609,206.37,102.37,0
886,2026-08-26T13:44:46.820438144Z,2026-08-26T13:44:56.828612583Z,1024,99,0.096680,206.15,102.38,0
887,2026-08-26T13:44:57.831533927Z,2026-08-26T13:45:07.840266685Z,1024,106,0.103516,206.66,102.38,0
888,2026-08-26T13:45:08.843101116Z,2026-08-26T13:45:18.851131761Z,1024,112,0.109375,207.09,102.39,0
889,2026-08-26T13:45:19.854038914Z,2026-08-26T13:45:29.862096426Z,1024,106,0.103516,206.66,102.39,0
890,2026-08-26T13:45:30.864908923Z,2026-08-26T13:45:40.874032518Z,1024,96,0.093750,205.94,102.38,0
891,2026-08-26T13:45:41.876707466Z,2026-08-26T13:45:51.885989967Z,1024,106,0.103516,206.66,102.37,0
892,2026-08-26T13:45:52.888886518Z,2026-08-26T13:46:02.898194092Z,1024,91,0.088867,205.58,102.38,0
893,2026-08-26T13:46:03.901111128Z,2026-08-26T13:46:13.910218510Z,1024,86,0.083984,205.21,102.38,0
894,2026-08-26T13:46:14.912992584Z,2026-08-26T13:46:24.922298898Z,1024,89,0.086914,205.43,102.38,0
895,2026-08-26T13:46:25.925254429Z,2026-08-26T13:46:35.934224562Z,1024,104,0.101562,206.52,102.38,0
896,2026-08-26T13:46:36.937163646Z,2026-08-26T13:46:46.945525955Z,1024,113,0.110352,207.17,102.38,0
897,2026-08-26T13:46:47.948402254Z,2026-08-26T13:46:57.956699132Z,1024,107,0.104492,206.73,102.39,0
898,2026-08-26T13:46:58.959441552Z,2026-08-26T13:47:08.972456327Z,1024,82,0.080078,204.93,102.37,0
899,2026-08-26T13:47:09.974992790Z,2026-08-26T13:47:19.984920287Z,1024,106,0.103516,206.66,102.37,0
900,2026-08-26T13:47:20.988261090Z,2026-08-26T13:47:30.996903835Z,1024,124,0.121094,207.96,102.38,0
901,2026-08-26T13:47:32.000070121Z,2026-08-26T13:47:42.015853703Z,1024,119,0.116211,207.6,102.33,0
902,2026-08-26T13:47:43.018836871Z,2026-08-26T13:47:53.026403393Z,1024,115,0.112305,207.31,102.39,0
903,2026-08-26T13:47:54.029201648Z,2026-08-26T13:48:04.037262993Z,1024,108,0.105469,206.8,102.39,0
904,2026-08-26T13:48:05.040252273Z,2026-08-26T13:48:15.049037748Z,1024,120,0.117188,207.67,102.38,0
905,2026-08-26T13:48:16.052000051Z,2026-08-26T13:48:26.061341036Z,1024,101,0.098633,206.3,102.38,0
906,2026-08-26T13:48:27.064560679Z,2026-08-26T13:48:37.073235991Z,1024,102,0.099609,206.37,102.38,0
907,2026-08-26T13:48:38.076009974Z,2026-08-26T13:48:48.085569098Z,1024,94,0.091797,205.79,102.37,0
908,2026-08-26T13:48:49.088444468Z,2026-08-26T13:48:59.096479224Z,1024,96,0.093750,205.94,102.38,0
909,2026-08-26T13:49:00.099380221Z,2026-08-26T13:49:10.108511402Z,1024,103,0.100586,206.44,102.38,0
910,2026-08-26T13:49:11.111319190Z,2026-08-26T13:49:21.120585089Z,1024,99,0.096680,206.15,102.37,0
911,2026-08-26T13:49:22.123392769Z,2026-08-26T13:49:32.132604898Z,1024,104,0.101562,206.52,102.37,0
912,2026-08-26T13:49:33.135312019Z,2026-08-26T13:49:43.145439861Z,1024,100,0.097656,206.23,102.37,0
913,2026-08-26T13:49:44.148484911Z,2026-08-26T13:49:54.156820466Z,1024,102,0.099609,206.37,102.38,0
914,2026-08-26T13:49:55.159803870Z,2026-08-26T13:50:05.168642177Z,1024,113,0.110352,207.17,102.38,0
915,2026-08-26T13:50:06.171629879Z,2026-08-26T13:50:16.180612026Z,1024,113,0.110352,207.17,102.38,0
916,2026-08-26T13:50:17.183770947Z,2026-08-26T13:50:27.193862987Z,1024,103,0.100586,206.44,102.37,0
917,2026-08-26T13:50:28.196804497Z,2026-08-26T13:50:38.207704374Z,1024,105,0.102539,206.59,102.36,0
918,2026-08-26T13:50:39.210886577Z,2026-08-26T13:50:49.219045713Z,1024,96,0.093750,205.94,102.38,0
919,2026-08-26T13:50:50.222105266Z,2026-08-26T13:51:00.230325568Z,1024,106,0.103516,206.66,102.38,0
920,2026-08-26T13:51:01.233146042Z,2026-08-26T13:51:11.242075999Z,1024,97,0.094727,206.01,102.38,0
921,2026-08-26T13:51:12.245100098Z,2026-08-26T13:51:22.256135118Z,1024,106,0.103516,206.66,102.36,0
922,2026-08-26T13:51:23.258877104Z,2026-08-26T13:51:33.267994832Z,1024,104,0.101562,206.52,102.38,0
923,2026-08-26T13:51:34.271356600Z,2026-08-26T13:51:44.280177672Z,1024,95,0.092773,205.87,102.38,0
924,2026-08-26T13:51:45.283518035Z,2026-08-26T13:51:55.291591248Z,1024,113,0.110352,207.17,102.39,0
925,2026-08-26T13:51:56.294553993Z,2026-08-26T13:52:06.304600691Z,1024,100,0.097656,206.23,102.37,0
926,2026-08-26T13:52:07.308657035Z,2026-08-26T13:52:17.320547125Z,1024,96,0.093750,205.94,102.36,0
927,2026-08-26T13:52:18.323962629Z,2026-08-26T13:52:28.334999005Z,1024,96,0.093750,205.94,102.38,0
928,2026-08-26T13:52:29.337993333Z,2026-08-26T13:52:39.347181803Z,1024,98,0.095703,206.08,102.38,0
929,2026-08-26T13:52:40.350358954Z,2026-08-26T13:52:50.361172464Z,1024,77,0.075195,204.56,102.37,0
930,2026-08-26T13:52:51.364584770Z,2026-08-26T13:53:01.375658383Z,1024,103,0.100586,206.44,102.38,0
931,2026-08-26T13:53:02.379039695Z,2026-08-26T13:53:12.389703418Z,1024,98,0.095703,206.08,102.36,0
932,2026-08-26T13:53:13.393505611Z,2026-08-26T13:53:23.402314770Z,1024,98,0.095703,206.08,102.38,0
933,2026-08-26T13:53:24.405861589Z,2026-08-26T13:53:34.415459555Z,1024,114,0.111328,207.24,102.38,0
934,2026-08-26T13:53:35.418605294Z,2026-08-26T13:53:45.427189788Z,1024,94,0.091797,205.79,102.38,0
935,2026-08-26T13:53:46.430146866Z,2026-08-26T13:53:56.440428852Z,1024,95,0.092773,205.87,102.37,0
936,2026-08-26T13:53:57.443595732Z,2026-08-26T13:54:07.451878847Z,1024,92,0.089844,205.65,102.38,0
937,2026-08-26T13:54:08.454847289Z,2026-08-26T13:54:18.463035517Z,1024,93,0.090820,205.72,102.39,0
938,2026-08-26T13:54:19.466147273Z,2026-08-26T13:54:29.475193742Z,1024,113,0.110352,207.17,102.38,0
939,2026-08-26T13:54:30.477907746Z,2026-08-26T13:54:40.488601429Z,1024,86,0.083984,205.21,102.37,0
940,2026-08-26T13:54:41.491481574Z,2026-08-26T13:54:51.501590481Z,1024,112,0.109375,207.09,102.36,0
941,2026-08-26T13:54:52.504596873Z,2026-08-26T13:55:02.517547351Z,1024,99,0.096680,206.15,102.36,0
942,2026-08-26T13:55:03.520600269Z,2026-08-26T13:55:13.529779480Z,1024,94,0.091797,205.79,102.38,0
943,2026-08-26T13:55:14.532829521Z,2026-08-26T13:55:24.542068224Z,1024,114,0.111328,207.24,102.38,0
944,2026-08-26T13:55:25.544817702Z,2026-08-26T13:55:35.552942654Z,1024,104,0.101562,206.52,102.39,0
945,2026-08-26T13:55:36.556007846Z,2026-08-26T13:55:46.565029646Z,1024,98,0.095703,206.08,102.38,0
946,2026-08-26T13:55:47.568629258Z,2026-08-26T13:55:57.582084580Z,1024,113,0.110352,207.17,102.38,0
947,2026-08-26T13:55:58.585090330Z,2026-08-26T13:56:08.594243923Z,1024,107,0.104492,206.73,102.38,0
948,2026-08-26T13:56:09.597501203Z,2026-08-26T13:56:19.606641577Z,1024,102,0.099609,206.37,102.37,0
949,2026-08-26T13:56:20.609593605Z,2026-08-26T13:56:30.618340579Z,1024,114,0.111328,207.24,102.38,0
950,2026-08-26T13:56:31.621395363Z,2026-08-26T13:56:41.632407589Z,1024,84,0.082031,205.07,102.37,0
951,2026-08-26T13:56:42.635338764Z,2026-08-26T13:56:52.643787463Z,1024,105,0.102539,206.59,102.38,0
952,2026-08-26T13:56:53.646474658Z,2026-08-26T13:57:03.655681965Z,1024,96,0.093750,205.94,102.38,0
953,2026-08-26T13:57:04.658705210Z,2026-08-26T13:57:14.667463090Z,1024,103,0.100586,206.44,102.38,0
954,2026-08-26T13:57:15.670272021Z,2026-08-26T13:57:25.679584842Z,1024,101,0.098633,206.3,102.39,0
955,2026-08-26T13:57:26.683012139Z,2026-08-26T13:57:36.693782327Z,1024,122,0.119141,207.82,102.36,0
956,2026-08-26T13:57:37.697081105Z,2026-08-26T13:57:47.705412207Z,1024,99,0.096680,206.15,102.38,0
957,2026-08-26T13:57:48.708417821Z,2026-08-26T13:57:58.721667523Z,1024,119,0.116211,207.6,102.39,0
958,2026-08-26T13:57:59.724668187Z,2026-08-26T13:58:09.733838731Z,1024,118,0.115234,207.53,102.38,0
959,2026-08-26T13:58:10.737390156Z,2026-08-26T13:58:20.746577350Z,1024,91,0.088867,205.58,102.38,0
960,2026-08-26T13:58:21.749336094Z,2026-08-26T13:58:31.758259088Z,1024,106,0.103516,206.66,102.38,0
961,2026-08-26T13:58:32.760864426Z,2026-08-26T13:58:42.769888364Z,1024,115,0.112305,207.31,102.38,0
962,2026-08-26T13:58:43.772644210Z,2026-08-26T13:58:53.781202463Z,1024,103,0.100586,206.44,102.38,0
963,2026-08-26T13:58:54.784950485Z,2026-08-26T13:59:04.793807748Z,1024,120,0.117188,207.67,102.38,0
964,2026-08-26T13:59:05.796706855Z,2026-08-26T13:59:15.805079287Z,1024,113,0.110352,207.17,102.38,0
965,2026-08-26T13:59:16.808397446Z,2026-08-26T13:59:26.817749788Z,1024,106,0.103516,206.66,102.38,0
966,2026-08-26T13:59:27.820890207Z,2026-08-26T13:59:37.829475075Z,1024,85,0.083008,205.14,102.38,0
967,2026-08-26T13:59:38.832270794Z,2026-08-26T13:59:48.841850471Z,1024,123,0.120117,207.89,102.37,0
968,2026-08-26T13:59:49.844988150Z,2026-08-26T13:59:59.853762979Z,1024,99,0.096680,206.15,102.38,0
969,2026-08-26T14:00:00.856532812Z,2026-08-26T14:00:10.865590666Z,1024,102,0.099609,206.37,102.38,0
970,2026-08-26T14:00:11.868776948Z,2026-08-26T14:00:21.877900827Z,1024,96,0.093750,205.94,102.37,0
971,2026-08-26T14:00:22.880703155Z,2026-08-26T14:00:32.889149890Z,1024,93,0.090820,205.72,102.38,0
972,2026-08-26T14:00:33.892141574Z,2026-08-26T14:00:43.899804123Z,1024,109,0.106445,206.88,102.39,0
973,2026-08-26T14:00:44.902906653Z,2026-08-26T14:00:54.913002497Z,1024,115,0.112305,207.31,102.38,0
974,2026-08-26T14:00:55.916136423Z,2026-08-26T14:01:05.924704635Z,1024,116,0.113281,207.38,102.38,0
975,2026-08-26T14:01:06.927676591Z,2026-08-26T14:01:16.936871720Z,1024,99,0.096680,206.15,102.38,0
976,2026-08-26T14:01:17.940063416Z,2026-08-26T14:01:27.949181362Z,1024,99,0.096680,206.15,102.38,0
977,2026-08-26T14:01:28.952207648Z,2026-08-26T14:01:38.961450334Z,1024,105,0.102539,206.59,102.37,0
978,2026-08-26T14:01:39.964356427Z,2026-08-26T14:01:49.974361583Z,1024,110,0.107422,206.95,102.38,0
979,2026-08-26T14:01:50.978106145Z,2026-08-26T14:02:00.987519971Z,1024,98,0.095703,206.08,102.38,0
980,2026-08-26T14:02:01.990982072Z,2026-08-26T14:02:11.998883504Z,1024,101,0.098633,206.3,102.39,0
981,2026-08-26T14:02:13.003939118Z,2026-08-26T14:02:23.013228101Z,1024,107,0.104492,206.73,102.37,0
982,2026-08-26T14:02:24.015998937Z,2026-08-26T14:02:34.026435348Z,1024,92,0.089844,205.65,102.36,0
983,2026-08-26T14:02:35.029032166Z,2026-08-26T14:02:45.038076303Z,1024,99,0.096680,206.15,102.38,0
984,2026-08-26T14:02:46.040767122Z,2026-08-26T14:02:56.049614917Z,1024,111,0.108398,207.02,102.38,0
985,2026-08-26T14:02:57.052648870Z,2026-08-26T14:03:07.061664138Z,1024,98,0.095703,206.08,102.38,0
986,2026-08-26T14:03:08.064543098Z,2026-08-26T14:03:18.073221582Z,1024,121,0.118164,207.74,102.38,0
987,2026-08-26T14:03:19.076093326Z,2026-08-26T14:03:29.084080150Z,1024,76,0.074219,204.49,102.39,0
988,2026-08-26T14:03:30.087164415Z,2026-08-26T14:03:40.096243343Z,1024,83,0.081055,205.0,102.38,0
989,2026-08-26T14:03:41.099284349Z,2026-08-26T14:03:51.108412646Z,1024,89,0.086914,205.43,102.38,0
990,2026-08-26T14:03:52.111320298Z,2026-08-26T14:04:02.120024191Z,1024,102,0.099609,206.37,102.39,0
991,2026-08-26T14:04:03.122920749Z,2026-08-26T14:04:13.131574986Z,1024,108,0.105469,206.8,102.38,0
992,2026-08-26T14:04:14.134460442Z,2026-08-26T14:04:24.142410582Z,1024,91,0.088867,205.58,102.39,0
993,2026-08-26T14:04:25.145183391Z,2026-08-26T14:04:35.154197362Z,1024,99,0.096680,206.15,102.38,0
994,2026-08-26T14:04:36.156961810Z,2026-08-26T14:04:46.165508231Z,1024,106,0.103516,206.66,102.38,0
995,2026-08-26T14:04:47.168525355Z,2026-08-26T14:04:57.177195985Z,1024,89,0.086914,205.43,102.38,0
996,2026-08-26T14:04:58.179996125Z,2026-08-26T14:05:08.189041934Z,1024,85,0.083008,205.14,102.38,0
997,2026-08-26T14:05:09.192027617Z,2026-08-26T14:05:19.201177169Z,1024,116,0.113281,207.38,102.37,0
998,2026-08-26T14:05:20.203898924Z,2026-08-26T14:05:30.212896928Z,1024,105,0.102539,206.59,102.38,0
999,2026-08-26T14:05:31.215708296Z,2026-08-26T14:05:41.223911946Z,1024,102,0.099609,206.37,102.38,0
1000,2026-08-26T14:05:42.226679786Z,2026-08-26T14:05:52.236085823Z,1024,102,0.099609,206.37,102.37,0
1001,2026-08-26T14:05:53.239272589Z,2026-08-26T14:06:03.247992321Z,1024,117,0.114258,207.46,102.38,0
1002,2026-08-26T14:06:04.250878023Z,2026-08-26T14:06:14.259167124Z,1024,85,0.083008,205.14,102.38,0
1003,2026-08-26T14:06:15.262274554Z,2026-08-26T14:06:25.271121864Z,1024,99,0.096680,206.15,102.38,0
1004,2026-08-26T14:06:26.274051715Z,2026-08-26T14:06:36.282685309Z,1024,95,0.092773,205.87,102.38,0
1005,2026-08-26T14:06:37.285644429Z,2026-08-26T14:06:47.294067473Z,1024,93,0.090820,205.72,102.39,0
1006,2026-08-26T14:06:48.296897077Z,2026-08-26T14:06:58.305117409Z,1024,96,0.093750,205.94,102.38,0
1007,2026-08-26T14:06:59.308023530Z,2026-08-26T14:07:09.317810633Z,1024,100,0.097656,206.23,102.37,0
1008,2026-08-26T14:07:10.320565556Z,2026-08-26T14:07:20.329681056Z,1024,98,0.095703,206.08,102.38,0
1009,2026-08-26T14:07:21.332569973Z,2026-08-26T14:07:31.341512058Z,1024,96,0.093750,205.94,102.39,0
1010,2026-08-26T14:07:32.344428030Z,2026-08-26T14:07:42.352927581Z,1024,104,0.101562,206.52,102.39,0
1011,2026-08-26T14:07:43.356486687Z,2026-08-26T14:07:53.365553737Z,1024,108,0.105469,206.8,102.37,0
1012,2026-08-26T14:07:54.368342951Z,2026-08-26T14:08:04.377881394Z,1024,84,0.082031,205.07,102.37,0
1013,2026-08-26T14:08:05.380883146Z,2026-08-26T14:08:15.388613870Z,1024,109,0.106445,206.88,102.39,0
1014,2026-08-26T14:08:16.391660372Z,2026-08-26T14:08:26.400141112Z,1024,98,0.095703,206.08,102.38,0
1015,2026-08-26T14:08:27.402899650Z,2026-08-26T14:08:37.412740907Z,1024,101,0.098633,206.3,102.37,0
1016,2026-08-26T14:08:38.415503512Z,2026-08-26T14:08:48.424098348Z,1024,107,0.104492,206.73,102.38,0
1017,2026-08-26T14:08:49.426893712Z,2026-08-26T14:08:59.435042849Z,1024,101,0.098633,206.3,102.39,0
1018,2026-08-26T14:09:00.438108619Z,2026-08-26T14:09:10.447984740Z,1024,101,0.098633,206.3,102.37,0
1019,2026-08-26T14:09:11.450584959Z,2026-08-26T14:09:21.459762414Z,1024,88,0.085938,205.36,102.37,0
1020,2026-08-26T14:09:22.462611528Z,2026-08-26T14:09:32.471286436Z,1024,118,0.115234,207.53,102.38,0
1021,2026-08-26T14:09:33.474442529Z,2026-08-26T14:09:43.484019073Z,1024,109,0.106445,206.88,102.37,0
1022,2026-08-26T14:09:44.486880462Z,2026-08-26T14:09:54.495504927Z,1024,103,0.100586,206.44,102.38,0
1023,2026-08-26T14:09:55.498331675Z,2026-08-26T14:10:05.507069761Z,1024,101,0.098633,206.3,102.38,0
1024,2026-08-26T14:10:06.509925900Z,2026-08-26T14:10:16.519668785Z,1024,98,0.095703,206.08,102.38,0
1025,2026-08-26T14:10:17.522327372Z,2026-08-26T14:10:27.531836738Z,1024,97,0.094727,206.01,102.37,0
1026,2026-08-26T14:10:28.534839037Z,2026-08-26T14:10:38.542739843Z,1024,99,0.096680,206.15,102.38,0
1027,2026-08-26T14:10:39.545360305Z,2026-08-26T14:10:49.554634073Z,1024,109,0.106445,206.88,102.38,0
1028,2026-08-26T14:10:50.557395367Z,2026-08-26T14:11:00.566827087Z,1024,99,0.096680,206.15,102.37,0
1029,2026-08-26T14:11:01.569599232Z,2026-08-26T14:11:11.577426978Z,1024,101,0.098633,206.3,102.39,0
1030,2026-08-26T14:11:12.580038747Z,2026-08-26T14:11:22.590161833Z,1024,102,0.099609,206.37,102.37,0
1031,2026-08-26T14:11:23.593760457Z,2026-08-26T14:11:33.602098068Z,1024,111,0.108398,207.02,102.39,0
1032,2026-08-26T14:11:34.605143911Z,2026-08-26T14:11:44.614198725Z,1024,116,0.113281,207.38,102.38,0
1033,2026-08-26T14:11:45.616829544Z,2026-08-26T14:11:55.625303947Z,1024,106,0.103516,206.66,102.38,0
1034,2026-08-26T14:11:56.628152174Z,2026-08-26T14:12:06.639471712Z,1024,82,0.080078,204.93,102.35,0
1035,2026-08-26T14:12:07.642468746Z,2026-08-26T14:12:17.651702863Z,1024,114,0.111328,207.24,102.37,0
1036,2026-08-26T14:12:18.654444565Z,2026-08-26T14:12:28.663537336Z,1024,102,0.099609,206.37,102.39,0
1037,2026-08-26T14:12:29.666500746Z,2026-08-26T14:12:39.678526125Z,1024,114,0.111328,207.24,102.37,0
1038,2026-08-26T14:12:40.680530632Z,2026-08-26T14:12:50.690032977Z,1024,107,0.104492,206.73,102.37,0
1039,2026-08-26T14:12:51.692984527Z,2026-08-26T14:13:01.702138573Z,1024,97,0.094727,206.01,102.38,0
1040,2026-08-26T14:13:02.705052004Z,2026-08-26T14:13:12.713152639Z,1024,107,0.104492,206.73,102.38,0
1041,2026-08-26T14:13:13.715675662Z,2026-08-26T14:13:23.724202481Z,1024,89,0.086914,205.43,102.38,0
1042,2026-08-26T14:13:24.727152322Z,2026-08-26T14:13:34.735941603Z,1024,99,0.096680,206.15,102.38,0
1043,2026-08-26T14:13:35.738590803Z,2026-08-26T14:13:45.747230628Z,1024,114,0.111328,207.24,102.38,0
1044,2026-08-26T14:13:46.749876608Z,2026-08-26T14:13:56.759919501Z,1024,126,0.123047,208.11,102.36,0
1045,2026-08-26T14:13:57.762653027Z,2026-08-26T14:14:07.770933447Z,1024,105,0.102539,206.59,102.39,0
1046,2026-08-26T14:14:08.773894302Z,2026-08-26T14:14:18.782748346Z,1024,86,0.083984,205.21,102.38,0
1047,2026-08-26T14:14:19.785552015Z,2026-08-26T14:14:29.794447585Z,1024,112,0.109375,207.09,102.38,0
1048,2026-08-26T14:14:30.797238099Z,2026-08-26T14:14:40.805158578Z,1024,107,0.104492,206.73,102.38,0
1049,2026-08-26T14:14:41.807927877Z,2026-08-26T14:14:51.816563326Z,1024,114,0.111328,207.24,102.38,0
1050,2026-08-26T14:14:52.819311943Z,2026-08-26T14:15:02.827397123Z,1024,108,0.105469,206.8,102.38,0
1051,2026-08-26T14:15:03.830018699Z,2026-08-26T14:15:13.838938673Z,1024,91,0.088867,205.58,102.38,0
1052,2026-08-26T14:15:14.841672259Z,2026-08-26T14:15:24.849701207Z,1024,77,0.075195,204.56,102.39,0
1053,2026-08-26T14:15:25.853039325Z,2026-08-26T14:15:35.863181243Z,1024,104,0.101562,206.52,102.38,0
1054,2026-08-26T14:15:36.865886950Z,2026-08-26T14:15:46.873367724Z,1024,103,0.100586,206.44,102.39,0
1055,2026-08-26T14:15:47.876224411Z,2026-08-26T14:15:57.884914487Z,1024,125,0.122070,208.03,102.38,0
1056,2026-08-26T14:15:58.887593420Z,2026-08-26T14:16:08.896612900Z,1024,103,0.100586,206.44,102.38,0
1057,2026-08-26T14:16:09.899408911Z,2026-08-26T14:16:19.908678959Z,1024,97,0.094727,206.01,102.37,0
1058,2026-08-26T14:16:20.911539619Z,2026-08-26T14:16:30.920396125Z,1024,102,0.099609,206.37,102.38,0
1059,2026-08-26T14:16:31.923708442Z,2026-08-26T14:16:41.933537494Z,1024,112,0.109375,207.09,102.37,0
1060,2026-08-26T14:16:42.936630151Z,2026-08-26T14:16:52.946311358Z,1024,92,0.089844,205.65,102.37,0
1061,2026-08-26T14:16:53.949576404Z,2026-08-26T14:17:03.958336059Z,1024,93,0.090820,205.72,102.39,0
1062,2026-08-26T14:17:04.961238722Z,2026-08-26T14:17:14.970116690Z,1024,95,0.092773,205.87,102.38,0
1063,2026-08-26T14:17:15.972969855Z,2026-08-26T14:17:25.981923054Z,1024,106,0.103516,206.66,102.38,0
1064,2026-08-26T14:17:26.985506521Z,2026-08-26T14:17:36.996685576Z,1024,94,0.091797,205.79,102.38,0
1065,2026-08-26T14:17:37.999823352Z,2026-08-26T14:17:48.009278835Z,1024,120,0.117188,207.67,102.38,0
1066,2026-08-26T14:17:49.012222834Z,2026-08-26T14:17:59.022038666Z,1024,95,0.092773,205.87,102.37,0
1067,2026-08-26T14:18:00.025048024Z,2026-08-26T14:18:10.033423031Z,1024,97,0.094727,206.01,102.38,0
1068,2026-08-26T14:18:11.036360314Z,2026-08-26T14:18:21.045397474Z,1024,91,0.088867,205.58,102.38,0
1069,2026-08-26T14:18:22.048061377Z,2026-08-26T14:18:32.056862502Z,1024,91,0.088867,205.58,102.38,0
1070,2026-08-26T14:18:33.059842803Z,2026-08-26T14:18:43.068348049Z,1024,85,0.083008,205.14,102.38,0
1071,2026-08-26T14:18:44.071540726Z,2026-08-26T14:18:54.079844456Z,1024,107,0.104492,206.73,102.39,0
1072,2026-08-26T14:18:55.082678459Z,2026-08-26T14:19:05.091468375Z,1024,109,0.106445,206.88,102.38,0
1073,2026-08-26T14:19:06.094301976Z,2026-08-26T14:19:16.104830565Z,1024,96,0.093750,205.94,102.38,0
1074,2026-08-26T14:19:17.107845462Z,2026-08-26T14:19:27.116900284Z,1024,102,0.099609,206.37,102.38,0
1075,2026-08-26T14:19:28.119778336Z,2026-08-26T14:19:38.128037285Z,1024,101,0.098633,206.3,102.38,0
1076,2026-08-26T14:19:39.130827793Z,2026-08-26T14:19:49.139844837Z,1024,90,0.087891,205.5,102.39,0
1077,2026-08-26T14:19:50.142490073Z,2026-08-26T14:20:00.150494892Z,1024,97,0.094727,206.01,102.38,0
1078,2026-08-26T14:20:01.153382976Z,2026-08-26T14:20:11.163098494Z,1024,105,0.102539,206.59,102.38,0
1079,2026-08-26T14:20:12.165600086Z,2026-08-26T14:20:22.175032353Z,1024,107,0.104492,206.73,102.38,0
1080,2026-08-26T14:20:23.177869121Z,2026-08-26T14:20:33.185452654Z,1024,114,0.111328,207.24,102.39,0
1081,2026-08-26T14:20:34.188182177Z,2026-08-26T14:20:44.197942946Z,1024,104,0.101562,206.52,102.37,0
1082,2026-08-26T14:20:45.200944984Z,2026-08-26T14:20:55.209451713Z,1024,97,0.094727,206.01,102.39,0
1083,2026-08-26T14:20:56.212228386Z,2026-08-26T14:21:06.221542787Z,1024,97,0.094727,206.01,102.37,0
1084,2026-08-26T14:21:07.224584770Z,2026-08-26T14:21:17.232820514Z,1024,101,0.098633,206.3,102.38,0
1085,2026-08-26T14:21:18.235466783Z,2026-08-26T14:21:28.246390472Z,1024,89,0.086914,205.43,102.36,0
1086,2026-08-26T14:21:29.249373326Z,2026-08-26T14:21:39.257467504Z,1024,86,0.083984,205.21,102.38,0
1087,2026-08-26T14:21:40.260507344Z,2026-08-26T14:21:50.268992159Z,1024,103,0.100586,206.44,102.38,0
1088,2026-08-26T14:21:51.271883811Z,2026-08-26T14:22:01.280432294Z,1024,117,0.114258,207.46,102.38,0
1089,2026-08-26T14:22:02.283792507Z,2026-08-26T14:22:12.295299473Z,1024,85,0.083008,205.14,102.37,0
1090,2026-08-26T14:22:13.299361521Z,2026-08-26T14:22:23.309956191Z,1024,105,0.102539,206.59,102.36,0
1091,2026-08-26T14:22:24.313030065Z,2026-08-26T14:22:34.321819233Z,1024,113,0.110352,207.17,102.38,0
1092,2026-08-26T14:22:35.324555925Z,2026-08-26T14:22:45.332805032Z,1024,102,0.099609,206.37,102.38,0
1093,2026-08-26T14:22:46.335673124Z,2026-08-26T14:22:56.345689776Z,1024,95,0.092773,205.87,102.38,0
1094,2026-08-26T14:22:57.348928508Z,2026-08-26T14:23:07.360078235Z,1024,107,0.104492,206.73,102.37,0
1095,2026-08-26T14:23:08.363123427Z,2026-08-26T14:23:18.371866605Z,1024,112,0.109375,207.09,102.38,0
1096,2026-08-26T14:23:19.374670742Z,2026-08-26T14:23:29.383096164Z,1024,81,0.079102,204.85,102.38,0
1097,2026-08-26T14:23:30.385949135Z,2026-08-26T14:23:40.393777686Z,1024,107,0.104492,206.73,102.39,0
1098,2026-08-26T14:23:41.396589491Z,2026-08-26T14:23:51.406943918Z,994,108,0.108652,200.97,99.36,0
1099,2026-08-26T14:23:52.410057203Z,2026-08-26T14:24:02.419395806Z,1024,83,0.081055,205.0,102.38,0
1100,2026-08-26T14:24:03.422211933Z,2026-08-26T14:24:13.433037490Z,1024,98,0.095703,206.08,102.36,0
1101,2026-08-26T14:24:14.435842294Z,2026-08-26T14:24:24.446621212Z,1024,93,0.090820,205.72,102.36,0
1102,2026-08-26T14:24:25.449301472Z,2026-08-26T14:24:35.458155540Z,1024,90,0.087891,205.5,102.38,0
1103,2026-08-26T14:24:36.460611602Z,2026-08-26T14:24:46.469997945Z,1024,117,0.114258,207.46,102.38,0
1104,2026-08-26T14:24:47.472688610Z,2026-08-26T14:24:57.481531743Z,1024,89,0.086914,205.43,102.38,0
1105,2026-08-26T14:24:58.484242042Z,2026-08-26T14:25:08.492749190Z,1024,99,0.096680,206.15,102.38,0
1106,2026-08-26T14:25:09.495421829Z,2026-08-26T14:25:19.503565066Z,1024,114,0.111328,207.24,102.38,0
1107,2026-08-26T14:25:20.506653092Z,2026-08-26T14:25:30.515285776Z,1024,91,0.088867,205.58,102.38,0
1108,2026-08-26T14:25:31.518179963Z,2026-08-26T14:25:41.526921623Z,1024,102,0.099609,206.37,102.38,0
1109,2026-08-26T14:25:42.530094666Z,2026-08-26T14:25:52.540777832Z,1024,105,0.102539,206.59,102.38,0
1110,2026-08-26T14:25:53.543415880Z,2026-08-26T14:26:03.551776507Z,1024,106,0.103516,206.66,102.39,0
1111,2026-08-26T14:26:04.555022130Z,2026-08-26T14:26:14.562907171Z,1024,100,0.097656,206.23,102.39,0
1112,2026-08-26T14:26:15.565628035Z,2026-08-26T14:26:25.574086712Z,1024,77,0.075195,204.56,102.38,0
1113,2026-08-26T14:26:26.576878330Z,2026-08-26T14:26:36.586134221Z,1024,98,0.095703,206.08,102.38,0
1114,2026-08-26T14:26:37.588878228Z,2026-08-26T14:26:47.596706474Z,1024,103,0.100586,206.44,102.39,0
1115,2026-08-26T14:26:48.599292579Z,2026-08-26T14:26:58.607941886Z,1024,92,0.089844,205.65,102.39,0
1116,2026-08-26T14:26:59.611161912Z,2026-08-26T14:27:09.620414625Z,1024,100,0.097656,206.23,102.38,0
1117,2026-08-26T14:27:10.623355470Z,2026-08-26T14:27:20.631603741Z,1024,101,0.098633,206.3,102.38,0
1118,2026-08-26T14:27:21.634567258Z,2026-08-26T14:27:31.644047020Z,1024,118,0.115234,207.53,102.38,0
1119,2026-08-26T14:27:32.647279931Z,2026-08-26T14:27:42.656004690Z,1024,108,0.105469,206.8,102.38,0
1120,2026-08-26T14:27:43.658899521Z,2026-08-26T14:27:53.667787850Z,1024,116,0.113281,207.38,102.38,0
1121,2026-08-26T14:27:54.670875645Z,2026-08-26T14:28:04.680207760Z,1024,109,0.106445,206.88,102.38,0
1122,2026-08-26T14:28:05.683032672Z,2026-08-26T14:28:15.691186023Z,1024,94,0.091797,205.79,102.39,0
1123,2026-08-26T14:28:16.693966698Z,2026-08-26T14:28:26.702473484Z,1024,108,0.105469,206.8,102.38,0
1124,2026-08-26T14:28:27.705312644Z,2026-08-26T14:28:37.713296040Z,1024,92,0.089844,205.65,102.39,0
1125,2026-08-26T14:28:38.716457590Z,2026-08-26T14:28:48.725071578Z,1024,90,0.087891,205.5,102.38,0
1126,2026-08-26T14:28:49.727893565Z,2026-08-26T14:28:59.736554589Z,1024,90,0.087891,205.5,102.38,0
1127,2026-08-26T14:29:00.739355552Z,2026-08-26T14:29:10.752199858Z,1024,112,0.109375,207.09,102.38,0
1128,2026-08-26T14:29:11.755250193Z,2026-08-26T14:29:21.763692901Z,1024,128,0.125000,208.25,102.38,0
1129,2026-08-26T14:29:22.766618672Z,2026-08-26T14:29:32.775446331Z,1024,118,0.115234,207.53,102.38,0
1130,2026-08-26T14:29:33.778235999Z,2026-08-26T14:29:43.787239657Z,1024,114,0.111328,207.24,102.38,0
1131,2026-08-26T14:29:44.790013911Z,,,0,,,,0
